iteration,seed,model,num_users,reviews_per_user,accuracy,median_accuracy,model_time_seconds,elapsed_seconds,cpu_percent,cpu_percent_delta,ram_percent,ram_percent_delta,ram_used_mb,ram_used_mb_delta,gpu_util_percent,gpu_util_percent_delta,gpu_memory_percent,gpu_memory_percent_delta,gpu_memory_used_mb,gpu_memory_used_mb_delta,gpu_temperature_c,gpu_temperature_c_delta,gpu_allocated_mb,gpu_reserved_mb,gpu_peak_allocated_mb,gpu_peak_reserved_mb,gpu_available,gpu_backend,gpu_name,gpu_util_percent_max,gpu_memory_used_mb_mean,gpu_memory_used_mb_max,gpu_temperature_c_max,gpu_sample_count,gpu_utilization_scope,pid,python_executable,requested_device,torch_version,torch_cuda_build,torch_cuda_available,effective_device,cuda_telemetry_available,gpu_metrics_status,train_fingerprint,test_fingerprint,train_rows,test_rows,gpu_allocated_mb_delta,gpu_reserved_mb_delta,gpu_peak_allocated_mb_delta,gpu_peak_reserved_mb_delta
1,1000,ao_per_user_cpu,250,5,0.732,1.0,24.117599964141846,58.423729200003436,28.5,15.5,72.7,-3.299999999999997,11682.2734375,-533.90234375,0.0,0.0,0.0,0.0,0.0,0.0,48.0,6.0,,,,,True,nvidia-smi,,0.0,0.0,0.0,49.0,51,system-wide (NVML/nvidia-smi),23580.0,C:\Users\satwi\.conda\envs\basic_recommender\python.exe,cpu,2.6.0+cu126,12.6,True,cpu,True,available,2928aa3ec08450a62353782993f83e0f4eb274b006c9a207d1a831558355b114,eb2fbbbe6cb42c039095df9cbdc377456fb336c861e57e7a7f4470aa4faf5a35,1000,250,,,,
1,1000,ao_per_user_cuda,250,5,0.72,1.0,19.592468738555908,51.44450240000151,21.5,-4.699999999999999,71.7,0.29999999999999716,11529.36328125,51.296875,0.3409090909090909,1.0,2.2705078125,0.341796875,93.0,14.0,48.0,-1.0,0.0,2.0,0.00390625,2.0,True,nvidia-smi,NVIDIA GeForce RTX 3050 Ti Laptop GPU,1.0,84.0909090909091,93.0,50.0,88,system-wide (NVML/nvidia-smi),14340.0,C:\Users\satwi\.conda\envs\basic_recommender\python.exe,cuda,2.6.0+cu126,12.6,True,cuda,True,available,2928aa3ec08450a62353782993f83e0f4eb274b006c9a207d1a831558355b114,eb2fbbbe6cb42c039095df9cbdc377456fb336c861e57e7a7f4470aa4faf5a35,1000,250,0.0,2.0,0.00390625,2.0
1,1000,per_user_pytorch,250,5,0.6,1.0,11.129573345184326,43.51870600000257,23.0,1.6000000000000014,73.0,1.7000000000000028,11739.859375,270.5859375,7.7272727272727275,33.0,3.1982421875,1.26953125,131.0,52.0,49.0,0.0,16.28369140625,22.0,17.28466796875,22.0,True,nvidia-smi,NVIDIA GeForce RTX 3050 Ti Laptop GPU,46.0,89.9090909090909,131.0,50.0,77,system-wide (NVML/nvidia-smi),25536.0,C:\Users\satwi\.conda\envs\basic_recommender\python.exe,auto,2.6.0+cu126,12.6,True,cuda,True,available,2928aa3ec08450a62353782993f83e0f4eb274b006c9a207d1a831558355b114,eb2fbbbe6cb42c039095df9cbdc377456fb336c861e57e7a7f4470aa4faf5a35,1000,250,16.28369140625,22.0,17.28466796875,22.0
1,1000,torch_collaborative,250,5,0.708,,1.0316619873046875,34.45410970001831,23.5,-21.9,74.0,2.9000000000000057,11901.08984375,470.921875,0.13114754098360656,4.0,3.1982421875,1.26953125,131.0,52.0,50.0,0.0,16.833984375,22.0,18.0634765625,22.0,True,nvidia-smi,NVIDIA GeForce RTX 3050 Ti Laptop GPU,4.0,80.77049180327869,131.0,51.0,61,system-wide (NVML/nvidia-smi),15628.0,C:\Users\satwi\.conda\envs\basic_recommender\python.exe,auto,2.6.0+cu126,12.6,True,cuda,True,available,2928aa3ec08450a62353782993f83e0f4eb274b006c9a207d1a831558355b114,eb2fbbbe6cb42c039095df9cbdc377456fb336c861e57e7a7f4470aa4faf5a35,1000,250,16.833984375,22.0,18.0634765625,22.0
1,1000,ao_per_user_cpu,250,10,0.762,1.0,25.134450674057007,58.17261059998418,27.4,12.299999999999999,72.3,1.7000000000000028,11629.96484375,284.43359375,0.0,0.0,0.0,0.0,0.0,0.0,53.0,2.0,,,,,True,nvidia-smi,,0.0,0.0,0.0,53.0,51,system-wide (NVML/nvidia-smi),7104.0,C:\Users\satwi\.conda\envs\basic_recommender\python.exe,cpu,2.6.0+cu126,12.6,True,cpu,True,available,e1d994e7fcd0e160c941bb70e07ded231686a19b7e38c9b3378ba0d4e675f3fa,287a619261adc456d9690a68a1d5bee43604b31fd1dc66750a7479920c261bb1,2000,500,,,,
1,1000,ao_per_user_cuda,250,10,0.746,1.0,19.522905826568604,52.53475150000304,22.0,7.199999999999999,72.1,1.2999999999999972,11585.70703125,211.0390625,0.4,-2.0,2.2705078125,0.341796875,93.0,14.0,51.0,-2.0,0.0,2.0,0.00634765625,2.0,True,nvidia-smi,NVIDIA GeForce RTX 3050 Ti Laptop GPU,3.0,83.97777777777777,93.0,54.0,90,system-wide (NVML/nvidia-smi),10912.0,C:\Users\satwi\.conda\envs\basic_recommender\python.exe,cuda,2.6.0+cu126,12.6,True,cuda,True,available,e1d994e7fcd0e160c941bb70e07ded231686a19b7e38c9b3378ba0d4e675f3fa,287a619261adc456d9690a68a1d5bee43604b31fd1dc66750a7479920c261bb1,2000,500,0.0,2.0,0.00634765625,2.0
1,1000,per_user_pytorch,250,10,0.604,0.5,9.953446388244629,42.72445599999628,23.6,9.3,73.5,2.200000000000003,11819.5625,352.421875,7.48,37.0,3.1982421875,1.26953125,131.0,52.0,51.0,-1.0,16.2841796875,22.0,17.28515625,22.0,True,nvidia-smi,NVIDIA GeForce RTX 3050 Ti Laptop GPU,42.0,89.90666666666667,131.0,53.0,75,system-wide (NVML/nvidia-smi),27832.0,C:\Users\satwi\.conda\envs\basic_recommender\python.exe,auto,2.6.0+cu126,12.6,True,cuda,True,available,e1d994e7fcd0e160c941bb70e07ded231686a19b7e38c9b3378ba0d4e675f3fa,287a619261adc456d9690a68a1d5bee43604b31fd1dc66750a7479920c261bb1,2000,500,16.2841796875,22.0,17.28515625,22.0
1,1000,torch_collaborative,250,10,0.808,,1.7420134544372559,34.81356640000013,21.3,4.0,73.6,2.3999999999999915,11835.7421875,385.12109375,0.39344262295081966,15.0,3.2470703125,1.318359375,133.0,54.0,52.0,-1.0,16.9404296875,24.0,18.1748046875,24.0,True,nvidia-smi,NVIDIA GeForce RTX 3050 Ti Laptop GPU,18.0,81.62295081967213,131.0,53.0,61,system-wide (NVML/nvidia-smi),5252.0,C:\Users\satwi\.conda\envs\basic_recommender\python.exe,auto,2.6.0+cu126,12.6,True,cuda,True,available,e1d994e7fcd0e160c941bb70e07ded231686a19b7e38c9b3378ba0d4e675f3fa,287a619261adc456d9690a68a1d5bee43604b31fd1dc66750a7479920c261bb1,2000,500,16.9404296875,24.0,18.1748046875,24.0
1,1000,ao_per_user_cpu,250,25,0.7712,0.8,30.957149982452393,63.99868640000932,27.2,10.0,71.9,1.2000000000000028,11563.8515625,202.70703125,0.0,0.0,0.0,0.0,0.0,0.0,55.0,2.0,,,,,True,nvidia-smi,,0.0,0.0,0.0,55.0,58,system-wide (NVML/nvidia-smi),6904.0,C:\Users\satwi\.conda\envs\basic_recommender\python.exe,cpu,2.6.0+cu126,12.6,True,cpu,True,available,a8e4ebf71abb5f8c9f83c9839be69ac234ff8671edc7777ca583ccf3713b177a,d240232c4e4bee760cd102b3885eecce7b8d17320f6c4b64af26b22934e6f099,5000,1250,,,,
1,1000,ao_per_user_cuda,250,25,0.7368000000000001,0.8,19.590022563934326,52.22875360000762,21.6,4.300000000000001,71.5,0.7000000000000028,11487.28125,107.8828125,0.45454545454545453,-4.0,2.2705078125,0.341796875,93.0,14.0,52.0,-3.0,0.0,2.0,0.0263671875,2.0,True,nvidia-smi,NVIDIA GeForce RTX 3050 Ti Laptop GPU,5.0,83.93181818181819,93.0,55.0,88,system-wide (NVML/nvidia-smi),1800.0,C:\Users\satwi\.conda\envs\basic_recommender\python.exe,cuda,2.6.0+cu126,12.6,True,cuda,True,available,a8e4ebf71abb5f8c9f83c9839be69ac234ff8671edc7777ca583ccf3713b177a,d240232c4e4bee760cd102b3885eecce7b8d17320f6c4b64af26b22934e6f099,5000,1250,0.0,2.0,0.0263671875,2.0
1,1000,per_user_pytorch,250,25,0.6256,0.6,12.521602392196655,46.409476200002246,24.8,-9.999999999999996,73.4,1.2000000000000028,11801.65625,194.0,8.182926829268293,36.0,3.1982421875,1.26953125,131.0,52.0,53.0,-1.0,16.28662109375,22.0,17.28759765625,22.0,True,nvidia-smi,NVIDIA GeForce RTX 3050 Ti Laptop GPU,40.0,91.1219512195122,131.0,55.0,82,system-wide (NVML/nvidia-smi),13520.0,C:\Users\satwi\.conda\envs\basic_recommender\python.exe,auto,2.6.0+cu126,12.6,True,cuda,True,available,a8e4ebf71abb5f8c9f83c9839be69ac234ff8671edc7777ca583ccf3713b177a,d240232c4e4bee760cd102b3885eecce7b8d17320f6c4b64af26b22934e6f099,5000,1250,16.28662109375,22.0,17.28759765625,22.0
1,1000,torch_collaborative,250,25,0.8464,,3.9422576427459717,37.957787400024245,22.8,4.400000000000002,74.2,3.0,11932.9765625,493.66796875,1.621212121212121,18.0,3.2470703125,1.318359375,133.0,54.0,53.0,-1.0,17.1806640625,24.0,18.427734375,24.0,True,nvidia-smi,NVIDIA GeForce RTX 3050 Ti Laptop GPU,23.0,84.03030303030303,133.0,55.0,66,system-wide (NVML/nvidia-smi),13884.0,C:\Users\satwi\.conda\envs\basic_recommender\python.exe,auto,2.6.0+cu126,12.6,True,cuda,True,available,a8e4ebf71abb5f8c9f83c9839be69ac234ff8671edc7777ca583ccf3713b177a,d240232c4e4bee760cd102b3885eecce7b8d17320f6c4b64af26b22934e6f099,5000,1250,17.1806640625,24.0,18.427734375,24.0
1,1000,ao_per_user_cpu,250,100,0.7684,0.8,65.32934212684631,100.34365070000058,26.4,10.599999999999998,72.4,1.6000000000000085,11643.3125,260.71875,0.0,0.0,0.0,0.0,0.0,0.0,55.0,1.0,,,,,True,nvidia-smi,,0.0,0.0,0.0,56.0,91,system-wide (NVML/nvidia-smi),8140.0,C:\Users\satwi\.conda\envs\basic_recommender\python.exe,cpu,2.6.0+cu126,12.6,True,cpu,True,available,9abc99ff4ce6f4a79dfb2f0649f35c04046b5b9b6ad60d60854d1b4e2d04538d,95c9f46d43a12a6c0f86350a0a7a4fa8e543d7cd43df182c134e5ca01b95a5d1,20000,5000,,,,
1,1000,ao_per_user_cuda,250,100,0.747,0.75,20.37265706062317,54.73674690001644,21.5,2.6000000000000014,72.0,1.4000000000000057,11570.31640625,216.12109375,0.44565217391304346,-4.0,2.2705078125,0.341796875,93.0,14.0,52.0,-3.0,0.0,2.0,0.37451171875,2.0,True,nvidia-smi,NVIDIA GeForce RTX 3050 Ti Laptop GPU,5.0,83.8695652173913,93.0,55.0,92,system-wide (NVML/nvidia-smi),21688.0,C:\Users\satwi\.conda\envs\basic_recommender\python.exe,cuda,2.6.0+cu126,12.6,True,cuda,True,available,9abc99ff4ce6f4a79dfb2f0649f35c04046b5b9b6ad60d60854d1b4e2d04538d,95c9f46d43a12a6c0f86350a0a7a4fa8e543d7cd43df182c134e5ca01b95a5d1,20000,5000,0.0,2.0,0.37451171875,2.0
1,1000,per_user_pytorch,250,100,0.6427999999999999,0.65,15.163288354873657,48.97404729999835,23.0,5.699999999999999,73.5,2.4000000000000057,11822.62890625,392.18359375,9.305882352941177,39.0,3.1982421875,1.26953125,131.0,52.0,53.0,-1.0,16.29736328125,22.0,17.3076171875,22.0,True,nvidia-smi,NVIDIA GeForce RTX 3050 Ti Laptop GPU,42.0,93.14117647058823,131.0,54.0,85,system-wide (NVML/nvidia-smi),19012.0,C:\Users\satwi\.conda\envs\basic_recommender\python.exe,auto,2.6.0+cu126,12.6,True,cuda,True,available,9abc99ff4ce6f4a79dfb2f0649f35c04046b5b9b6ad60d60854d1b4e2d04538d,95c9f46d43a12a6c0f86350a0a7a4fa8e543d7cd43df182c134e5ca01b95a5d1,20000,5000,16.29736328125,22.0,17.3076171875,22.0
1,1000,torch_collaborative,250,100,0.8098,,15.772838115692139,50.26219709997531,22.4,5.799999999999997,75.0,3.700000000000003,12059.50390625,596.5,7.707865168539326,18.0,3.2470703125,1.318359375,133.0,54.0,53.0,-1.0,17.72998046875,24.0,18.990234375,24.0,True,nvidia-smi,NVIDIA GeForce RTX 3050 Ti Laptop GPU,26.0,95.92134831460675,133.0,55.0,89,system-wide (NVML/nvidia-smi),14812.0,C:\Users\satwi\.conda\envs\basic_recommender\python.exe,auto,2.6.0+cu126,12.6,True,cuda,True,available,9abc99ff4ce6f4a79dfb2f0649f35c04046b5b9b6ad60d60854d1b4e2d04538d,95c9f46d43a12a6c0f86350a0a7a4fa8e543d7cd43df182c134e5ca01b95a5d1,20000,5000,17.72998046875,24.0,18.990234375,24.0
1,1000,ao_per_user_cpu,250,200,0.7642,0.775,123.32334017753601,160.62249420001172,26.0,2.1000000000000014,73.7,2.200000000000003,11841.21875,345.85546875,0.0,0.0,0.0,0.0,0.0,0.0,55.0,1.0,,,,,True,nvidia-smi,,0.0,0.0,0.0,55.0,144,system-wide (NVML/nvidia-smi),27160.0,C:\Users\satwi\.conda\envs\basic_recommender\python.exe,cpu,2.6.0+cu126,12.6,True,cpu,True,available,5da1a2716e61013ffb482e6e899057dda27b8d95f78c9eca6ecdc0b2fadf5b4a,ff2948bdd309b52798f74537e7679fee843d955593c9c9ce9fb12f96526cc3d7,40000,10000,,,,
1,1000,ao_per_user_cuda,250,200,0.7365,0.75,21.50437021255493,57.33512790000532,21.2,-17.2,73.0,1.0,11727.3671875,159.19921875,0.5789473684210527,-2.0,2.7587890625,0.830078125,113.0,34.0,53.0,-2.0,0.0,22.0,1.4853515625,22.0,True,nvidia-smi,NVIDIA GeForce RTX 3050 Ti Laptop GPU,3.0,90.47368421052632,113.0,55.0,95,system-wide (NVML/nvidia-smi),26396.0,C:\Users\satwi\.conda\envs\basic_recommender\python.exe,cuda,2.6.0+cu126,12.6,True,cuda,True,available,5da1a2716e61013ffb482e6e899057dda27b8d95f78c9eca6ecdc0b2fadf5b4a,ff2948bdd309b52798f74537e7679fee843d955593c9c9ce9fb12f96526cc3d7,40000,10000,0.0,22.0,1.4853515625,22.0
1,1000,per_user_pytorch,250,200,0.6547000000000001,0.675,17.63163185119629,53.307253499981016,22.8,6.600000000000001,73.5,1.4000000000000057,11817.15625,232.94921875,10.129032258064516,39.0,3.1982421875,1.26953125,131.0,52.0,53.0,-1.0,16.31103515625,22.0,17.3388671875,22.0,True,nvidia-smi,NVIDIA GeForce RTX 3050 Ti Laptop GPU,42.0,94.65591397849462,131.0,55.0,93,system-wide (NVML/nvidia-smi),7304.0,C:\Users\satwi\.conda\envs\basic_recommender\python.exe,auto,2.6.0+cu126,12.6,True,cuda,True,available,5da1a2716e61013ffb482e6e899057dda27b8d95f78c9eca6ecdc0b2fadf5b4a,ff2948bdd309b52798f74537e7679fee843d955593c9c9ce9fb12f96526cc3d7,40000,10000,16.31103515625,22.0,17.3388671875,22.0
1,1000,torch_collaborative,250,200,0.8214,,31.030855417251587,66.39988779998384,23.5,8.6,74.1,3.1999999999999886,11906.671875,513.51953125,11.846153846153847,22.0,3.2470703125,1.318359375,133.0,54.0,53.0,-1.0,18.0546875,24.0,19.3330078125,24.0,True,nvidia-smi,NVIDIA GeForce RTX 3050 Ti Laptop GPU,28.0,104.41880341880342,133.0,55.0,117,system-wide (NVML/nvidia-smi),19068.0,C:\Users\satwi\.conda\envs\basic_recommender\python.exe,auto,2.6.0+cu126,12.6,True,cuda,True,available,5da1a2716e61013ffb482e6e899057dda27b8d95f78c9eca6ecdc0b2fadf5b4a,ff2948bdd309b52798f74537e7679fee843d955593c9c9ce9fb12f96526cc3d7,40000,10000,18.0546875,24.0,19.3330078125,24.0
2,1001,ao_per_user_cpu,250,5,0.708,1.0,23.338660717010498,55.197828699980164,25.0,-11.899999999999999,71.9,1.5,11564.85546875,248.390625,0.0,0.0,0.0,0.0,0.0,0.0,54.0,0.0,,,,,True,nvidia-smi,,0.0,0.0,0.0,55.0,50,system-wide (NVML/nvidia-smi),24120.0,C:\Users\satwi\.conda\envs\basic_recommender\python.exe,cpu,2.6.0+cu126,12.6,True,cpu,True,available,ce3143d5ddd06cbc1da995946d5b6aa8a4fe78a079d23a36fb3dbafa4fb2609b,91c8f0b7a2974558451caac1531566195c4e25215d3fe4ee905fca7a644d2b64,1000,250,,,,
2,1001,ao_per_user_cuda,250,5,0.724,1.0,18.85565996170044,50.72368150000693,19.8,-9.0,71.6,0.3999999999999915,11504.62109375,64.6171875,0.4942528735632184,-2.0,2.2705078125,0.341796875,93.0,14.0,52.0,-2.0,0.0,2.0,0.00390625,2.0,True,nvidia-smi,NVIDIA GeForce RTX 3050 Ti Laptop GPU,4.0,83.98850574712644,93.0,54.0,87,system-wide (NVML/nvidia-smi),3692.0,C:\Users\satwi\.conda\envs\basic_recommender\python.exe,cuda,2.6.0+cu126,12.6,True,cuda,True,available,ce3143d5ddd06cbc1da995946d5b6aa8a4fe78a079d23a36fb3dbafa4fb2609b,91c8f0b7a2974558451caac1531566195c4e25215d3fe4ee905fca7a644d2b64,1000,250,0.0,2.0,0.00390625,2.0
2,1001,per_user_pytorch,250,5,0.548,1.0,12.44498085975647,44.94075609999709,22.2,-2.1999999999999993,71.9,0.9000000000000057,11557.65625,145.34375,8.278481012658228,32.0,3.1982421875,1.26953125,131.0,52.0,52.0,-2.0,16.28369140625,22.0,17.28466796875,22.0,True,nvidia-smi,NVIDIA GeForce RTX 3050 Ti Laptop GPU,37.0,92.21518987341773,131.0,55.0,79,system-wide (NVML/nvidia-smi),7004.0,C:\Users\satwi\.conda\envs\basic_recommender\python.exe,auto,2.6.0+cu126,12.6,True,cuda,True,available,ce3143d5ddd06cbc1da995946d5b6aa8a4fe78a079d23a36fb3dbafa4fb2609b,91c8f0b7a2974558451caac1531566195c4e25215d3fe4ee905fca7a644d2b64,1000,250,16.28369140625,22.0,17.28466796875,22.0
2,1001,torch_collaborative,250,5,0.748,,0.9275813102722168,34.44935550002265,20.9,-6.100000000000001,72.4,2.5,11638.10546875,403.01171875,0.4098360655737705,16.0,3.1982421875,1.26953125,131.0,52.0,52.0,-2.0,16.845703125,22.0,18.0751953125,22.0,True,nvidia-smi,NVIDIA GeForce RTX 3050 Ti Laptop GPU,19.0,80.77049180327869,131.0,54.0,61,system-wide (NVML/nvidia-smi),21324.0,C:\Users\satwi\.conda\envs\basic_recommender\python.exe,auto,2.6.0+cu126,12.6,True,cuda,True,available,ce3143d5ddd06cbc1da995946d5b6aa8a4fe78a079d23a36fb3dbafa4fb2609b,91c8f0b7a2974558451caac1531566195c4e25215d3fe4ee905fca7a644d2b64,1000,250,16.845703125,22.0,18.0751953125,22.0
2,1001,ao_per_user_cpu,250,10,0.756,1.0,25.051507711410522,57.31549820001237,26.5,9.7,70.9,1.9000000000000057,11393.8515625,298.55859375,0.0,0.0,0.0,0.0,0.0,0.0,54.0,0.0,,,,,True,nvidia-smi,,0.0,0.0,0.0,54.0,52,system-wide (NVML/nvidia-smi),20600.0,C:\Users\satwi\.conda\envs\basic_recommender\python.exe,cpu,2.6.0+cu126,12.6,True,cpu,True,available,b2038da4f6aa38579272cd3d929ec61185342d37e1d7eb2b5404a7c04b272ec9,6515fdb0e215c198daf0ca945859a1a570e2797ac13f7056dfdaf39933641457,2000,500,,,,
2,1001,ao_per_user_cuda,250,10,0.716,1.0,19.480390787124634,51.88131959998282,19.6,4.500000000000002,70.1,0.3999999999999915,11262.578125,55.40234375,0.4090909090909091,-2.0,2.2705078125,0.341796875,93.0,14.0,52.0,-2.0,0.0,2.0,0.00634765625,2.0,True,nvidia-smi,NVIDIA GeForce RTX 3050 Ti Laptop GPU,3.0,83.93181818181819,93.0,54.0,88,system-wide (NVML/nvidia-smi),26576.0,C:\Users\satwi\.conda\envs\basic_recommender\python.exe,cuda,2.6.0+cu126,12.6,True,cuda,True,available,b2038da4f6aa38579272cd3d929ec61185342d37e1d7eb2b5404a7c04b272ec9,6515fdb0e215c198daf0ca945859a1a570e2797ac13f7056dfdaf39933641457,2000,500,0.0,2.0,0.00634765625,2.0
2,1001,per_user_pytorch,250,10,0.632,0.5,13.497942924499512,45.56112340002437,22.1,3.1000000000000014,72.0,2.5999999999999943,11573.68359375,422.66796875,8.45,28.0,3.1982421875,1.26953125,131.0,52.0,52.0,-2.0,16.2841796875,22.0,17.28515625,22.0,True,nvidia-smi,NVIDIA GeForce RTX 3050 Ti Laptop GPU,36.0,93.35,131.0,55.0,80,system-wide (NVML/nvidia-smi),20188.0,C:\Users\satwi\.conda\envs\basic_recommender\python.exe,auto,2.6.0+cu126,12.6,True,cuda,True,available,b2038da4f6aa38579272cd3d929ec61185342d37e1d7eb2b5404a7c04b272ec9,6515fdb0e215c198daf0ca945859a1a570e2797ac13f7056dfdaf39933641457,2000,500,16.2841796875,22.0,17.28515625,22.0
2,1001,torch_collaborative,250,10,0.776,,1.6352331638336182,34.90114080000785,19.6,0.10000000000000142,72.5,2.799999999999997,11656.40234375,449.875,0.7741935483870968,18.0,3.2470703125,1.318359375,133.0,54.0,52.0,-2.0,16.9345703125,24.0,18.1689453125,24.0,True,nvidia-smi,NVIDIA GeForce RTX 3050 Ti Laptop GPU,21.0,81.58064516129032,131.0,54.0,62,system-wide (NVML/nvidia-smi),26388.0,C:\Users\satwi\.conda\envs\basic_recommender\python.exe,auto,2.6.0+cu126,12.6,True,cuda,True,available,b2038da4f6aa38579272cd3d929ec61185342d37e1d7eb2b5404a7c04b272ec9,6515fdb0e215c198daf0ca945859a1a570e2797ac13f7056dfdaf39933641457,2000,500,16.9345703125,24.0,18.1689453125,24.0
2,1001,ao_per_user_cpu,250,25,0.7752,0.8,30.75937581062317,63.50903539999854,26.6,6.200000000000003,71.0,1.7000000000000028,11413.84765625,272.80859375,0.0,0.0,0.0,0.0,0.0,0.0,54.0,0.0,,,,,True,nvidia-smi,,0.0,0.0,0.0,54.0,57,system-wide (NVML/nvidia-smi),19804.0,C:\Users\satwi\.conda\envs\basic_recommender\python.exe,cpu,2.6.0+cu126,12.6,True,cpu,True,available,19e25cf2b68b0b1c45b8f02573fedccf6ca6d4f5be59303c432704992812a5d9,8151ac23a3e2776200ba5f951d724b067806d3db6f7d87caf13dd65602e1f691,5000,1250,,,,
2,1001,ao_per_user_cuda,250,25,0.7384,0.8,19.060609817504883,51.38244310001028,19.4,3.599999999999998,70.6,0.7999999999999972,11344.41015625,121.7578125,0.4090909090909091,-2.0,2.2705078125,0.341796875,93.0,14.0,52.0,-2.0,0.0,2.0,0.0263671875,2.0,True,nvidia-smi,NVIDIA GeForce RTX 3050 Ti Laptop GPU,3.0,83.93181818181819,93.0,54.0,88,system-wide (NVML/nvidia-smi),1800.0,C:\Users\satwi\.conda\envs\basic_recommender\python.exe,cuda,2.6.0+cu126,12.6,True,cuda,True,available,19e25cf2b68b0b1c45b8f02573fedccf6ca6d4f5be59303c432704992812a5d9,8151ac23a3e2776200ba5f951d724b067806d3db6f7d87caf13dd65602e1f691,5000,1250,0.0,2.0,0.0263671875,2.0
2,1001,per_user_pytorch,250,25,0.62,0.6,10.579318046569824,43.196963499998674,22.7,5.899999999999999,72.1,2.299999999999997,11584.8125,364.96484375,7.368421052631579,37.0,3.1982421875,1.26953125,131.0,52.0,52.0,-2.0,16.28662109375,22.0,17.28759765625,22.0,True,nvidia-smi,NVIDIA GeForce RTX 3050 Ti Laptop GPU,41.0,90.0,131.0,54.0,76,system-wide (NVML/nvidia-smi),14548.0,C:\Users\satwi\.conda\envs\basic_recommender\python.exe,auto,2.6.0+cu126,12.6,True,cuda,True,available,19e25cf2b68b0b1c45b8f02573fedccf6ca6d4f5be59303c432704992812a5d9,8151ac23a3e2776200ba5f951d724b067806d3db6f7d87caf13dd65602e1f691,5000,1250,16.28662109375,22.0,17.28759765625,22.0
2,1001,torch_collaborative,250,25,0.8496,,3.8638415336608887,37.16438709999784,21.5,6.300000000000001,72.4,2.6000000000000085,11641.30859375,422.28125,1.7384615384615385,18.0,3.2470703125,1.318359375,133.0,54.0,52.0,-1.0,17.1884765625,24.0,18.435546875,24.0,True,nvidia-smi,NVIDIA GeForce RTX 3050 Ti Laptop GPU,22.0,84.26153846153846,133.0,54.0,65,system-wide (NVML/nvidia-smi),15828.0,C:\Users\satwi\.conda\envs\basic_recommender\python.exe,auto,2.6.0+cu126,12.6,True,cuda,True,available,19e25cf2b68b0b1c45b8f02573fedccf6ca6d4f5be59303c432704992812a5d9,8151ac23a3e2776200ba5f951d724b067806d3db6f7d87caf13dd65602e1f691,5000,1250,17.1884765625,24.0,18.435546875,24.0
2,1001,ao_per_user_cpu,250,100,0.7792,0.8,63.69329762458801,98.1216138000018,25.2,7.199999999999999,71.3,1.8999999999999915,11462.65625,298.40625,0.0,0.0,0.0,0.0,0.0,0.0,54.0,1.0,,,,,True,nvidia-smi,,0.0,0.0,0.0,54.0,87,system-wide (NVML/nvidia-smi),17644.0,C:\Users\satwi\.conda\envs\basic_recommender\python.exe,cpu,2.6.0+cu126,12.6,True,cpu,True,available,2824b193b8317fc67e3b22d46e8d165311ada04b1a6697b4d347ba0fa519740f,2c104f41c7ca240a0e0d200245bcfe52bc21fdda449b7141a86f53b2702d3bdd,20000,5000,,,,
2,1001,ao_per_user_cuda,250,100,0.7492000000000001,0.75,20.01794409751892,53.11547459999565,18.8,0.9000000000000021,70.3,0.29999999999999716,11301.74609375,46.4765625,0.449438202247191,-4.0,2.2705078125,0.341796875,93.0,14.0,52.0,-2.0,0.0,2.0,0.37451171875,2.0,True,nvidia-smi,NVIDIA GeForce RTX 3050 Ti Laptop GPU,5.0,83.87640449438203,93.0,54.0,89,system-wide (NVML/nvidia-smi),9452.0,C:\Users\satwi\.conda\envs\basic_recommender\python.exe,cuda,2.6.0+cu126,12.6,True,cuda,True,available,2824b193b8317fc67e3b22d46e8d165311ada04b1a6697b4d347ba0fa519740f,2c104f41c7ca240a0e0d200245bcfe52bc21fdda449b7141a86f53b2702d3bdd,20000,5000,0.0,2.0,0.37451171875,2.0
2,1001,per_user_pytorch,250,100,0.646,0.7,12.161834001541138,45.49382760000299,21.9,-1.4000000000000021,72.4,2.700000000000003,11641.83203125,437.76171875,9.531645569620252,33.0,3.1982421875,1.26953125,131.0,52.0,53.0,-1.0,16.29736328125,22.0,17.3076171875,22.0,True,nvidia-smi,NVIDIA GeForce RTX 3050 Ti Laptop GPU,45.0,91.55696202531645,131.0,55.0,79,system-wide (NVML/nvidia-smi),2800.0,C:\Users\satwi\.conda\envs\basic_recommender\python.exe,auto,2.6.0+cu126,12.6,True,cuda,True,available,2824b193b8317fc67e3b22d46e8d165311ada04b1a6697b4d347ba0fa519740f,2c104f41c7ca240a0e0d200245bcfe52bc21fdda449b7141a86f53b2702d3bdd,20000,5000,16.29736328125,22.0,17.3076171875,22.0
2,1001,torch_collaborative,250,100,0.8802,,15.41330862045288,49.1826463000034,19.9,3.3999999999999986,73.1,3.1999999999999886,11745.82421875,508.71875,7.724137931034483,24.0,3.2470703125,1.318359375,133.0,54.0,52.0,-2.0,17.73974609375,24.0,19.0,24.0,True,nvidia-smi,NVIDIA GeForce RTX 3050 Ti Laptop GPU,27.0,95.82758620689656,133.0,55.0,87,system-wide (NVML/nvidia-smi),14860.0,C:\Users\satwi\.conda\envs\basic_recommender\python.exe,auto,2.6.0+cu126,12.6,True,cuda,True,available,2824b193b8317fc67e3b22d46e8d165311ada04b1a6697b4d347ba0fa519740f,2c104f41c7ca240a0e0d200245bcfe52bc21fdda449b7141a86f53b2702d3bdd,20000,5000,17.73974609375,24.0,19.0,24.0
2,1001,ao_per_user_cpu,250,200,0.7695,0.775,123.07312774658203,159.3436399999773,25.1,7.5,71.6,2.1999999999999886,11502.27734375,341.6171875,0.0,0.0,0.0,0.0,0.0,0.0,55.0,1.0,,,,,True,nvidia-smi,,0.0,0.0,0.0,55.0,144,system-wide (NVML/nvidia-smi),19084.0,C:\Users\satwi\.conda\envs\basic_recommender\python.exe,cpu,2.6.0+cu126,12.6,True,cpu,True,available,7b68114ab0d335f3f9d297610d4d5d01295326a340acf616a5b6f482b007171c,1db47172e673a3f26378a183c18547f7eda148fb722caaf7e65b07e0a4712f88,40000,10000,,,,
2,1001,ao_per_user_cuda,250,200,0.7404,0.75,20.98302388191223,56.56086990001495,19.3,4.300000000000001,70.7,0.9000000000000057,11368.3515625,145.4921875,0.44086021505376344,-4.0,2.7587890625,0.830078125,113.0,34.0,52.0,-3.0,0.0,22.0,1.4853515625,22.0,True,nvidia-smi,NVIDIA GeForce RTX 3050 Ti Laptop GPU,5.0,90.6989247311828,113.0,55.0,93,system-wide (NVML/nvidia-smi),19700.0,C:\Users\satwi\.conda\envs\basic_recommender\python.exe,cuda,2.6.0+cu126,12.6,True,cuda,True,available,7b68114ab0d335f3f9d297610d4d5d01295326a340acf616a5b6f482b007171c,1db47172e673a3f26378a183c18547f7eda148fb722caaf7e65b07e0a4712f88,40000,10000,0.0,22.0,1.4853515625,22.0
2,1001,per_user_pytorch,250,200,0.6437,0.675,14.90698504447937,50.01206179999281,22.2,6.5,72.4,2.700000000000003,11633.59765625,421.63671875,10.32183908045977,35.0,3.1982421875,1.26953125,131.0,52.0,53.0,-1.0,16.31103515625,22.0,17.3388671875,22.0,True,nvidia-smi,NVIDIA GeForce RTX 3050 Ti Laptop GPU,44.0,93.41379310344827,131.0,55.0,87,system-wide (NVML/nvidia-smi),12908.0,C:\Users\satwi\.conda\envs\basic_recommender\python.exe,auto,2.6.0+cu126,12.6,True,cuda,True,available,7b68114ab0d335f3f9d297610d4d5d01295326a340acf616a5b6f482b007171c,1db47172e673a3f26378a183c18547f7eda148fb722caaf7e65b07e0a4712f88,40000,10000,16.31103515625,22.0,17.3388671875,22.0
2,1001,torch_collaborative,250,200,0.8223,,31.278149604797363,66.08516439999221,23.0,3.5,73.6,3.8999999999999915,11834.43359375,623.328125,11.818965517241379,16.0,3.2470703125,1.318359375,133.0,54.0,53.0,-1.0,18.146484375,24.0,19.4248046875,24.0,True,nvidia-smi,NVIDIA GeForce RTX 3050 Ti Laptop GPU,27.0,104.63793103448276,133.0,54.0,116,system-wide (NVML/nvidia-smi),27428.0,C:\Users\satwi\.conda\envs\basic_recommender\python.exe,auto,2.6.0+cu126,12.6,True,cuda,True,available,7b68114ab0d335f3f9d297610d4d5d01295326a340acf616a5b6f482b007171c,1db47172e673a3f26378a183c18547f7eda148fb722caaf7e65b07e0a4712f88,40000,10000,18.146484375,24.0,19.4248046875,24.0
3,1002,ao_per_user_cpu,250,5,0.752,1.0,23.13962745666504,55.22637630000827,25.2,-8.400000000000002,71.4,1.4000000000000057,11471.7421875,223.76953125,0.0,0.0,0.0,0.0,0.0,0.0,54.0,0.0,,,,,True,nvidia-smi,,0.0,0.0,0.0,55.0,49,system-wide (NVML/nvidia-smi),27208.0,C:\Users\satwi\.conda\envs\basic_recommender\python.exe,cpu,2.6.0+cu126,12.6,True,cpu,True,available,a54b73529041eabd11a458d90f2036dd88ae8001346f44c3d07758e5b5f74afd,66b62e9570dc1142531d60f73a9e083d02147542c4865f4f4a534808a8449458,1000,250,,,,
3,1002,ao_per_user_cuda,250,5,0.748,1.0,19.247576236724854,51.581250399991404,19.7,-12.0,71.1,0.6999999999999886,11431.09375,121.234375,0.4090909090909091,-2.0,2.2705078125,0.341796875,93.0,14.0,52.0,-2.0,0.0,2.0,0.00390625,2.0,True,nvidia-smi,NVIDIA GeForce RTX 3050 Ti Laptop GPU,3.0,83.93181818181819,93.0,55.0,88,system-wide (NVML/nvidia-smi),6208.0,C:\Users\satwi\.conda\envs\basic_recommender\python.exe,cuda,2.6.0+cu126,12.6,True,cuda,True,available,a54b73529041eabd11a458d90f2036dd88ae8001346f44c3d07758e5b5f74afd,66b62e9570dc1142531d60f73a9e083d02147542c4865f4f4a534808a8449458,1000,250,0.0,2.0,0.00390625,2.0
3,1002,per_user_pytorch,250,5,0.56,1.0,12.899125099182129,44.41410800002632,23.5,6.600000000000001,74.0,3.5999999999999943,11890.38671875,577.0390625,8.653846153846153,36.0,3.1982421875,1.26953125,131.0,52.0,53.0,0.0,16.28369140625,22.0,17.28466796875,22.0,True,nvidia-smi,NVIDIA GeForce RTX 3050 Ti Laptop GPU,39.0,93.05128205128206,131.0,54.0,78,system-wide (NVML/nvidia-smi),21388.0,C:\Users\satwi\.conda\envs\basic_recommender\python.exe,auto,2.6.0+cu126,12.6,True,cuda,True,available,a54b73529041eabd11a458d90f2036dd88ae8001346f44c3d07758e5b5f74afd,66b62e9570dc1142531d60f73a9e083d02147542c4865f4f4a534808a8449458,1000,250,16.28369140625,22.0,17.28466796875,22.0
3,1002,torch_collaborative,250,5,0.692,,0.9363563060760498,34.4510186999978,21.1,5.200000000000001,73.4,1.7000000000000028,11792.5703125,266.35546875,0.4262295081967213,17.0,3.2470703125,1.318359375,133.0,54.0,53.0,-1.0,16.853515625,24.0,18.0830078125,24.0,True,nvidia-smi,NVIDIA GeForce RTX 3050 Ti Laptop GPU,20.0,80.77049180327869,131.0,54.0,61,system-wide (NVML/nvidia-smi),25628.0,C:\Users\satwi\.conda\envs\basic_recommender\python.exe,auto,2.6.0+cu126,12.6,True,cuda,True,available,a54b73529041eabd11a458d90f2036dd88ae8001346f44c3d07758e5b5f74afd,66b62e9570dc1142531d60f73a9e083d02147542c4865f4f4a534808a8449458,1000,250,16.853515625,24.0,18.0830078125,24.0
3,1002,ao_per_user_cpu,250,10,0.804,1.0,24.908665418624878,57.60325159999775,25.5,7.100000000000001,71.4,1.2000000000000028,11481.78515625,194.61328125,0.0,0.0,0.0,0.0,0.0,0.0,54.0,0.0,,,,,True,nvidia-smi,,0.0,0.0,0.0,55.0,51,system-wide (NVML/nvidia-smi),25460.0,C:\Users\satwi\.conda\envs\basic_recommender\python.exe,cpu,2.6.0+cu126,12.6,True,cpu,True,available,339a446023eba330f5c0767eb90f49cb744f8cd0b0970f64acd0e02772a8f5f9,21b57e70ce4fab9aabd2e5e2e8320cfc60fb0c7c6f4530864396411327719a0e,2000,500,,,,
3,1002,ao_per_user_cuda,250,10,0.772,1.0,18.894038200378418,51.513387400016654,20.1,-20.1,71.5,1.0999999999999943,11490.16796875,176.46484375,0.4090909090909091,-2.0,2.2705078125,0.341796875,93.0,14.0,52.0,-2.0,0.0,2.0,0.00634765625,2.0,True,nvidia-smi,NVIDIA GeForce RTX 3050 Ti Laptop GPU,3.0,83.93181818181819,93.0,55.0,88,system-wide (NVML/nvidia-smi),27840.0,C:\Users\satwi\.conda\envs\basic_recommender\python.exe,cuda,2.6.0+cu126,12.6,True,cuda,True,available,339a446023eba330f5c0767eb90f49cb744f8cd0b0970f64acd0e02772a8f5f9,21b57e70ce4fab9aabd2e5e2e8320cfc60fb0c7c6f4530864396411327719a0e,2000,500,0.0,2.0,0.00634765625,2.0
3,1002,per_user_pytorch,250,10,0.582,0.5,12.788599252700806,45.077365600009216,22.2,5.099999999999998,72.5,1.7000000000000028,11655.9765625,278.18359375,8.7625,33.0,3.1982421875,1.26953125,131.0,52.0,53.0,-1.0,16.2841796875,22.0,17.28515625,22.0,True,nvidia-smi,NVIDIA GeForce RTX 3050 Ti Laptop GPU,37.0,92.7,131.0,55.0,80,system-wide (NVML/nvidia-smi),11240.0,C:\Users\satwi\.conda\envs\basic_recommender\python.exe,auto,2.6.0+cu126,12.6,True,cuda,True,available,339a446023eba330f5c0767eb90f49cb744f8cd0b0970f64acd0e02772a8f5f9,21b57e70ce4fab9aabd2e5e2e8320cfc60fb0c7c6f4530864396411327719a0e,2000,500,16.2841796875,22.0,17.28515625,22.0
3,1002,torch_collaborative,250,10,0.818,,1.6919567584991455,35.208127899997635,23.3,-1.0,73.7,3.299999999999997,11844.00390625,533.73828125,0.6451612903225806,17.0,3.2470703125,1.318359375,133.0,54.0,53.0,-1.0,16.9482421875,24.0,18.1826171875,24.0,True,nvidia-smi,NVIDIA GeForce RTX 3050 Ti Laptop GPU,17.0,81.58064516129032,131.0,55.0,62,system-wide (NVML/nvidia-smi),22364.0,C:\Users\satwi\.conda\envs\basic_recommender\python.exe,auto,2.6.0+cu126,12.6,True,cuda,True,available,339a446023eba330f5c0767eb90f49cb744f8cd0b0970f64acd0e02772a8f5f9,21b57e70ce4fab9aabd2e5e2e8320cfc60fb0c7c6f4530864396411327719a0e,2000,500,16.9482421875,24.0,18.1826171875,24.0
3,1002,ao_per_user_cpu,250,25,0.7447999999999999,0.8,30.4994695186615,62.82417059998261,25.5,10.3,71.8,1.2999999999999972,11545.5390625,214.14453125,0.0,0.0,0.0,0.0,0.0,0.0,54.0,0.0,,,,,True,nvidia-smi,,0.0,0.0,0.0,55.0,57,system-wide (NVML/nvidia-smi),17696.0,C:\Users\satwi\.conda\envs\basic_recommender\python.exe,cpu,2.6.0+cu126,12.6,True,cpu,True,available,69b8eb4f69905ceeccc0e687193e49af57d2cc5bd6bc66f61408822d00effa23,6214c672708c58ab63e28f72207d2f970a0c7c222fca8d5b0f2ef67e8c22143c,5000,1250,,,,
3,1002,ao_per_user_cuda,250,25,0.7512000000000001,0.8,19.272565126419067,51.25153410001076,19.1,3.8000000000000007,71.5,1.2000000000000028,11497.76171875,196.4765625,0.41379310344827586,-2.0,2.2705078125,0.341796875,93.0,14.0,52.0,-2.0,0.0,2.0,0.0263671875,2.0,True,nvidia-smi,NVIDIA GeForce RTX 3050 Ti Laptop GPU,3.0,83.98850574712644,93.0,55.0,87,system-wide (NVML/nvidia-smi),27332.0,C:\Users\satwi\.conda\envs\basic_recommender\python.exe,cuda,2.6.0+cu126,12.6,True,cuda,True,available,69b8eb4f69905ceeccc0e687193e49af57d2cc5bd6bc66f61408822d00effa23,6214c672708c58ab63e28f72207d2f970a0c7c222fca8d5b0f2ef67e8c22143c,5000,1250,0.0,2.0,0.0263671875,2.0
3,1002,per_user_pytorch,250,25,0.6,0.6,11.004302501678467,43.33529080002336,21.7,3.099999999999998,73.0,2.200000000000003,11729.74609375,342.50390625,7.701298701298701,35.0,3.1982421875,1.26953125,131.0,52.0,53.0,-1.0,16.28662109375,22.0,17.28759765625,22.0,True,nvidia-smi,NVIDIA GeForce RTX 3050 Ti Laptop GPU,53.0,90.53246753246754,131.0,55.0,77,system-wide (NVML/nvidia-smi),21364.0,C:\Users\satwi\.conda\envs\basic_recommender\python.exe,auto,2.6.0+cu126,12.6,True,cuda,True,available,69b8eb4f69905ceeccc0e687193e49af57d2cc5bd6bc66f61408822d00effa23,6214c672708c58ab63e28f72207d2f970a0c7c222fca8d5b0f2ef67e8c22143c,5000,1250,16.28662109375,22.0,17.28759765625,22.0
3,1002,torch_collaborative,250,25,0.8336,,3.878329038619995,37.10391879998497,20.1,5.100000000000001,73.1,2.5,11751.90625,399.4765625,1.7384615384615385,19.0,3.2470703125,1.318359375,133.0,54.0,53.0,-1.0,17.1943359375,24.0,18.44140625,24.0,True,nvidia-smi,NVIDIA GeForce RTX 3050 Ti Laptop GPU,22.0,84.26153846153846,133.0,54.0,65,system-wide (NVML/nvidia-smi),7692.0,C:\Users\satwi\.conda\envs\basic_recommender\python.exe,auto,2.6.0+cu126,12.6,True,cuda,True,available,69b8eb4f69905ceeccc0e687193e49af57d2cc5bd6bc66f61408822d00effa23,6214c672708c58ab63e28f72207d2f970a0c7c222fca8d5b0f2ef67e8c22143c,5000,1250,17.1943359375,24.0,18.44140625,24.0
3,1002,ao_per_user_cpu,250,100,0.7857999999999999,0.8,63.90226340293884,98.72101330000442,25.2,6.399999999999999,71.6,1.8999999999999915,11511.02734375,301.87890625,0.0,0.0,0.0,0.0,0.0,0.0,55.0,1.0,,,,,True,nvidia-smi,,0.0,0.0,0.0,55.0,89,system-wide (NVML/nvidia-smi),2648.0,C:\Users\satwi\.conda\envs\basic_recommender\python.exe,cpu,2.6.0+cu126,12.6,True,cpu,True,available,53e3ef1d67928350841414b33dafd17b373f85370dc7285de221efbf66048e70,e665865bc93a9648518b60f34a3a7d2a1ac9a56d7631866af76b4092f67e59d1,20000,5000,,,,
3,1002,ao_per_user_cuda,250,100,0.749,0.75,19.869305849075317,53.6512733999989,19.4,3.299999999999997,71.4,1.1000000000000085,11485.31640625,187.703125,0.5444444444444444,-4.0,2.2705078125,0.341796875,93.0,14.0,51.0,-4.0,0.0,2.0,0.37451171875,2.0,True,nvidia-smi,NVIDIA GeForce RTX 3050 Ti Laptop GPU,5.0,83.82222222222222,93.0,55.0,90,system-wide (NVML/nvidia-smi),5816.0,C:\Users\satwi\.conda\envs\basic_recommender\python.exe,cuda,2.6.0+cu126,12.6,True,cuda,True,available,53e3ef1d67928350841414b33dafd17b373f85370dc7285de221efbf66048e70,e665865bc93a9648518b60f34a3a7d2a1ac9a56d7631866af76b4092f67e59d1,20000,5000,0.0,2.0,0.37451171875,2.0
3,1002,per_user_pytorch,250,100,0.6377999999999999,0.65,14.40440583229065,48.349658599996474,21.7,7.0,72.9,2.3000000000000114,11719.67578125,363.14453125,9.635294117647058,38.0,3.1982421875,1.26953125,131.0,52.0,52.0,-1.0,16.29736328125,22.0,17.3076171875,22.0,True,nvidia-smi,NVIDIA GeForce RTX 3050 Ti Laptop GPU,43.0,93.11764705882354,131.0,53.0,85,system-wide (NVML/nvidia-smi),25408.0,C:\Users\satwi\.conda\envs\basic_recommender\python.exe,auto,2.6.0+cu126,12.6,True,cuda,True,available,53e3ef1d67928350841414b33dafd17b373f85370dc7285de221efbf66048e70,e665865bc93a9648518b60f34a3a7d2a1ac9a56d7631866af76b4092f67e59d1,20000,5000,16.29736328125,22.0,17.3076171875,22.0
3,1002,torch_collaborative,250,100,0.8656,,15.487046957015991,48.96362640001462,20.6,4.800000000000001,73.5,3.0,11812.703125,484.50390625,8.172413793103448,23.0,3.2470703125,1.318359375,133.0,54.0,53.0,-1.0,17.75732421875,24.0,19.017578125,24.0,True,nvidia-smi,NVIDIA GeForce RTX 3050 Ti Laptop GPU,29.0,95.82758620689656,133.0,55.0,87,system-wide (NVML/nvidia-smi),21036.0,C:\Users\satwi\.conda\envs\basic_recommender\python.exe,auto,2.6.0+cu126,12.6,True,cuda,True,available,53e3ef1d67928350841414b33dafd17b373f85370dc7285de221efbf66048e70,e665865bc93a9648518b60f34a3a7d2a1ac9a56d7631866af76b4092f67e59d1,20000,5000,17.75732421875,24.0,19.017578125,24.0
3,1002,ao_per_user_cpu,250,200,0.7715,0.775,122.712238073349,158.29498569999123,24.9,-7.200000000000003,72.5,2.9000000000000057,11657.01171875,472.9765625,0.0,0.0,0.0,0.0,0.0,0.0,54.0,-1.0,,,,,True,nvidia-smi,,0.0,0.0,0.0,55.0,144,system-wide (NVML/nvidia-smi),25396.0,C:\Users\satwi\.conda\envs\basic_recommender\python.exe,cpu,2.6.0+cu126,12.6,True,cpu,True,available,171e4affb6f95f8e23f66562852278886b0454078ce7a6d111d20e67bf1df2be,9ce8728e44bf41c8544837cf14c96b1844146aab22d79e1ee94f7b417164a88c,40000,10000,,,,
3,1002,ao_per_user_cuda,250,200,0.7465,0.775,20.92602276802063,56.19537820000551,18.8,3.200000000000001,71.6,0.7999999999999972,11516.9375,132.98046875,0.46236559139784944,1.0,2.7587890625,0.830078125,113.0,34.0,53.0,-2.0,0.0,22.0,1.4853515625,22.0,True,nvidia-smi,NVIDIA GeForce RTX 3050 Ti Laptop GPU,2.0,90.6989247311828,113.0,55.0,93,system-wide (NVML/nvidia-smi),728.0,C:\Users\satwi\.conda\envs\basic_recommender\python.exe,cuda,2.6.0+cu126,12.6,True,cuda,True,available,171e4affb6f95f8e23f66562852278886b0454078ce7a6d111d20e67bf1df2be,9ce8728e44bf41c8544837cf14c96b1844146aab22d79e1ee94f7b417164a88c,40000,10000,0.0,22.0,1.4853515625,22.0
3,1002,per_user_pytorch,250,200,0.6159,0.625,14.806447982788086,50.32650620001368,22.0,5.800000000000001,73.4,2.700000000000003,11806.33203125,434.76171875,9.64367816091954,34.0,3.1982421875,1.26953125,131.0,52.0,53.0,-1.0,16.31103515625,22.0,17.3388671875,22.0,True,nvidia-smi,NVIDIA GeForce RTX 3050 Ti Laptop GPU,41.0,93.183908045977,131.0,55.0,87,system-wide (NVML/nvidia-smi),8400.0,C:\Users\satwi\.conda\envs\basic_recommender\python.exe,auto,2.6.0+cu126,12.6,True,cuda,True,available,171e4affb6f95f8e23f66562852278886b0454078ce7a6d111d20e67bf1df2be,9ce8728e44bf41c8544837cf14c96b1844146aab22d79e1ee94f7b417164a88c,40000,10000,16.31103515625,22.0,17.3388671875,22.0
3,1002,torch_collaborative,250,200,0.8678,,31.322960376739502,66.71370749999187,24.1,9.700000000000001,74.1,3.299999999999997,11910.546875,528.01171875,12.222222222222221,23.0,3.2470703125,1.318359375,133.0,54.0,53.0,-1.0,18.177734375,24.0,19.4560546875,24.0,True,nvidia-smi,NVIDIA GeForce RTX 3050 Ti Laptop GPU,28.0,104.7948717948718,133.0,55.0,117,system-wide (NVML/nvidia-smi),26920.0,C:\Users\satwi\.conda\envs\basic_recommender\python.exe,auto,2.6.0+cu126,12.6,True,cuda,True,available,171e4affb6f95f8e23f66562852278886b0454078ce7a6d111d20e67bf1df2be,9ce8728e44bf41c8544837cf14c96b1844146aab22d79e1ee94f7b417164a88c,40000,10000,18.177734375,24.0,19.4560546875,24.0
4,1003,ao_per_user_cpu,250,5,0.74,1.0,23.224170446395874,55.40762120002182,25.8,4.600000000000001,72.0,1.5999999999999943,11566.73046875,242.7265625,0.0,0.0,0.0,0.0,0.0,0.0,54.0,-1.0,,,,,True,nvidia-smi,,0.0,0.0,0.0,55.0,49,system-wide (NVML/nvidia-smi),14748.0,C:\Users\satwi\.conda\envs\basic_recommender\python.exe,cpu,2.6.0+cu126,12.6,True,cpu,True,available,f7fd7b28fbc4fac27f3252182ea70e7a3bec85e7791ebc1619120f7f230a783a,c9f8eca0c86aa794ce2a5289d2363929de3de1d18a49d052c4f4357f3a72f26a,1000,250,,,,
4,1003,ao_per_user_cuda,250,5,0.72,1.0,18.772277355194092,50.8264482000086,19.7,3.5,71.3,0.29999999999999716,11466.35546875,60.00390625,0.40229885057471265,-2.0,2.2705078125,0.341796875,93.0,14.0,52.0,-3.0,0.0,2.0,0.00390625,2.0,True,nvidia-smi,NVIDIA GeForce RTX 3050 Ti Laptop GPU,3.0,83.98850574712644,93.0,55.0,87,system-wide (NVML/nvidia-smi),15440.0,C:\Users\satwi\.conda\envs\basic_recommender\python.exe,cuda,2.6.0+cu126,12.6,True,cuda,True,available,f7fd7b28fbc4fac27f3252182ea70e7a3bec85e7791ebc1619120f7f230a783a,c9f8eca0c86aa794ce2a5289d2363929de3de1d18a49d052c4f4357f3a72f26a,1000,250,0.0,2.0,0.00390625,2.0
4,1003,per_user_pytorch,250,5,0.596,1.0,11.360938310623169,42.758742300007725,21.7,7.6,73.1,2.3999999999999915,11751.625,388.4140625,8.12,33.0,3.1982421875,1.26953125,131.0,52.0,53.0,0.0,16.28369140625,22.0,17.28466796875,22.0,True,nvidia-smi,NVIDIA GeForce RTX 3050 Ti Laptop GPU,41.0,91.53333333333333,131.0,54.0,75,system-wide (NVML/nvidia-smi),5344.0,C:\Users\satwi\.conda\envs\basic_recommender\python.exe,auto,2.6.0+cu126,12.6,True,cuda,True,available,f7fd7b28fbc4fac27f3252182ea70e7a3bec85e7791ebc1619120f7f230a783a,c9f8eca0c86aa794ce2a5289d2363929de3de1d18a49d052c4f4357f3a72f26a,1000,250,16.28369140625,22.0,17.28466796875,22.0
4,1003,torch_collaborative,250,5,0.78,,0.92547607421875,33.98213229997782,19.8,3.1000000000000014,73.4,2.6000000000000085,11800.859375,425.62109375,0.1,-3.0,3.1982421875,1.26953125,131.0,52.0,53.0,-1.0,16.8515625,22.0,18.0810546875,22.0,True,nvidia-smi,NVIDIA GeForce RTX 3050 Ti Laptop GPU,3.0,80.8,131.0,55.0,60,system-wide (NVML/nvidia-smi),4720.0,C:\Users\satwi\.conda\envs\basic_recommender\python.exe,auto,2.6.0+cu126,12.6,True,cuda,True,available,f7fd7b28fbc4fac27f3252182ea70e7a3bec85e7791ebc1619120f7f230a783a,c9f8eca0c86aa794ce2a5289d2363929de3de1d18a49d052c4f4357f3a72f26a,1000,250,16.8515625,22.0,18.0810546875,22.0
4,1003,ao_per_user_cpu,250,10,0.756,1.0,24.9666748046875,57.66240500001004,25.4,9.399999999999999,71.3,1.0999999999999943,11460.3671875,178.6953125,0.0,0.0,0.0,0.0,0.0,0.0,54.0,0.0,,,,,True,nvidia-smi,,0.0,0.0,0.0,55.0,52,system-wide (NVML/nvidia-smi),25720.0,C:\Users\satwi\.conda\envs\basic_recommender\python.exe,cpu,2.6.0+cu126,12.6,True,cpu,True,available,558dfa0d68f85a8a28f224cc06b14ee54fd3257fa2b26649ec70c34d4af8795c,c3df084542e8f1235b87cc3c9324db1be179400ab9efed713f6e4aca91cc4060,2000,500,,,,
4,1003,ao_per_user_cuda,250,10,0.728,1.0,19.43117356300354,51.39494930001092,18.9,-10.600000000000001,71.3,1.0,11465.78515625,162.06640625,0.4090909090909091,-2.0,2.2705078125,0.341796875,93.0,14.0,52.0,-2.0,0.0,2.0,0.00634765625,2.0,True,nvidia-smi,NVIDIA GeForce RTX 3050 Ti Laptop GPU,3.0,84.0909090909091,93.0,55.0,88,system-wide (NVML/nvidia-smi),1428.0,C:\Users\satwi\.conda\envs\basic_recommender\python.exe,cuda,2.6.0+cu126,12.6,True,cuda,True,available,558dfa0d68f85a8a28f224cc06b14ee54fd3257fa2b26649ec70c34d4af8795c,c3df084542e8f1235b87cc3c9324db1be179400ab9efed713f6e4aca91cc4060,2000,500,0.0,2.0,0.00634765625,2.0
4,1003,per_user_pytorch,250,10,0.558,0.5,12.828495264053345,45.39093610001146,22.3,5.800000000000001,72.8,2.0999999999999943,11703.75390625,343.02734375,8.45,33.0,3.1982421875,1.26953125,131.0,52.0,53.0,0.0,16.2841796875,22.0,17.28515625,22.0,True,nvidia-smi,NVIDIA GeForce RTX 3050 Ti Laptop GPU,36.0,92.7,131.0,54.0,80,system-wide (NVML/nvidia-smi),17304.0,C:\Users\satwi\.conda\envs\basic_recommender\python.exe,auto,2.6.0+cu126,12.6,True,cuda,True,available,558dfa0d68f85a8a28f224cc06b14ee54fd3257fa2b26649ec70c34d4af8795c,c3df084542e8f1235b87cc3c9324db1be179400ab9efed713f6e4aca91cc4060,2000,500,16.2841796875,22.0,17.28515625,22.0
4,1003,torch_collaborative,250,10,0.812,,1.6302058696746826,34.6684597999847,20.6,5.900000000000002,73.7,3.299999999999997,11841.91015625,521.5,0.4262295081967213,17.0,3.2470703125,1.318359375,133.0,54.0,53.0,-1.0,16.9501953125,24.0,18.1845703125,24.0,True,nvidia-smi,NVIDIA GeForce RTX 3050 Ti Laptop GPU,20.0,81.62295081967213,131.0,55.0,61,system-wide (NVML/nvidia-smi),22648.0,C:\Users\satwi\.conda\envs\basic_recommender\python.exe,auto,2.6.0+cu126,12.6,True,cuda,True,available,558dfa0d68f85a8a28f224cc06b14ee54fd3257fa2b26649ec70c34d4af8795c,c3df084542e8f1235b87cc3c9324db1be179400ab9efed713f6e4aca91cc4060,2000,500,16.9501953125,24.0,18.1845703125,24.0
4,1003,ao_per_user_cpu,250,25,0.7736000000000001,0.8,30.573463201522827,63.31764600001043,25.8,9.7,71.9,1.7000000000000028,11558.0859375,269.23046875,0.0,0.0,0.0,0.0,0.0,0.0,55.0,1.0,,,,,True,nvidia-smi,,0.0,0.0,0.0,55.0,55,system-wide (NVML/nvidia-smi),12600.0,C:\Users\satwi\.conda\envs\basic_recommender\python.exe,cpu,2.6.0+cu126,12.6,True,cpu,True,available,af2c884effb3816956e9d8679fcefbbcba84633bf4dd3a1290e375b16d4a5970,b1e8f89c186c1a3371482c1a9d1be54eca9f375422d59d773a2e31eabd6c427c,5000,1250,,,,
4,1003,ao_per_user_cuda,250,25,0.7488,0.8,19.02766466140747,51.724365800007945,19.1,3.1000000000000014,71.4,0.6000000000000085,11482.25390625,99.3125,0.45454545454545453,-4.0,2.2705078125,0.341796875,93.0,14.0,52.0,-2.0,0.0,2.0,0.0263671875,2.0,True,nvidia-smi,NVIDIA GeForce RTX 3050 Ti Laptop GPU,5.0,83.77272727272727,93.0,55.0,88,system-wide (NVML/nvidia-smi),19552.0,C:\Users\satwi\.conda\envs\basic_recommender\python.exe,cuda,2.6.0+cu126,12.6,True,cuda,True,available,af2c884effb3816956e9d8679fcefbbcba84633bf4dd3a1290e375b16d4a5970,b1e8f89c186c1a3371482c1a9d1be54eca9f375422d59d773a2e31eabd6c427c,5000,1250,0.0,2.0,0.0263671875,2.0
4,1003,per_user_pytorch,250,25,0.6167999999999999,0.6,12.642642498016357,44.386254499986535,21.5,6.800000000000001,73.1,2.299999999999997,11757.44921875,380.20703125,8.371794871794872,29.0,3.1982421875,1.26953125,131.0,52.0,53.0,0.0,16.28662109375,22.0,17.28759765625,22.0,True,nvidia-smi,NVIDIA GeForce RTX 3050 Ti Laptop GPU,49.0,92.38461538461539,131.0,55.0,78,system-wide (NVML/nvidia-smi),6100.0,C:\Users\satwi\.conda\envs\basic_recommender\python.exe,auto,2.6.0+cu126,12.6,True,cuda,True,available,af2c884effb3816956e9d8679fcefbbcba84633bf4dd3a1290e375b16d4a5970,b1e8f89c186c1a3371482c1a9d1be54eca9f375422d59d773a2e31eabd6c427c,5000,1250,16.28662109375,22.0,17.28759765625,22.0
4,1003,torch_collaborative,250,25,0.8488,,3.896803617477417,37.224886399984825,21.8,6.800000000000001,73.6,2.799999999999997,11838.33984375,455.08203125,1.7121212121212122,19.0,3.2470703125,1.318359375,133.0,54.0,53.0,-1.0,17.1728515625,24.0,18.419921875,24.0,True,nvidia-smi,NVIDIA GeForce RTX 3050 Ti Laptop GPU,22.0,84.0,133.0,55.0,66,system-wide (NVML/nvidia-smi),15528.0,C:\Users\satwi\.conda\envs\basic_recommender\python.exe,auto,2.6.0+cu126,12.6,True,cuda,True,available,af2c884effb3816956e9d8679fcefbbcba84633bf4dd3a1290e375b16d4a5970,b1e8f89c186c1a3371482c1a9d1be54eca9f375422d59d773a2e31eabd6c427c,5000,1250,17.1728515625,24.0,18.419921875,24.0
4,1003,ao_per_user_cpu,250,100,0.7864,0.8,64.23779702186584,98.06240439999965,25.1,7.5,72.4,2.1000000000000085,11636.609375,335.1796875,0.0,0.0,0.0,0.0,0.0,0.0,55.0,1.0,,,,,True,nvidia-smi,,0.0,0.0,0.0,55.0,87,system-wide (NVML/nvidia-smi),26156.0,C:\Users\satwi\.conda\envs\basic_recommender\python.exe,cpu,2.6.0+cu126,12.6,True,cpu,True,available,d80144399d9fc76b6ed483db3217970240dd6cb36479ef5bbcbaaaa369199f96,7a5d30b1e2c474b22548deedfb7c8956b8b365df2e170912d6963a7d34a539e8,20000,5000,,,,
4,1003,ao_per_user_cuda,250,100,0.7512000000000001,0.75,20.24044370651245,53.790824099996826,18.4,2.4999999999999982,71.3,0.3999999999999915,11460.55078125,59.8125,0.4157303370786517,-2.0,2.2705078125,0.341796875,93.0,14.0,53.0,-2.0,0.0,2.0,0.37451171875,2.0,True,nvidia-smi,NVIDIA GeForce RTX 3050 Ti Laptop GPU,3.0,83.87640449438203,93.0,55.0,89,system-wide (NVML/nvidia-smi),16308.0,C:\Users\satwi\.conda\envs\basic_recommender\python.exe,cuda,2.6.0+cu126,12.6,True,cuda,True,available,d80144399d9fc76b6ed483db3217970240dd6cb36479ef5bbcbaaaa369199f96,7a5d30b1e2c474b22548deedfb7c8956b8b365df2e170912d6963a7d34a539e8,20000,5000,0.0,2.0,0.37451171875,2.0
4,1003,per_user_pytorch,250,100,0.62,0.65,13.59669017791748,47.91966620000312,21.8,3.1000000000000014,73.6,3.0999999999999943,11829.39453125,489.0546875,9.397590361445783,36.0,3.1982421875,1.26953125,131.0,52.0,53.0,-1.0,16.29736328125,22.0,17.3076171875,22.0,True,nvidia-smi,NVIDIA GeForce RTX 3050 Ti Laptop GPU,43.0,92.83132530120481,131.0,55.0,83,system-wide (NVML/nvidia-smi),28132.0,C:\Users\satwi\.conda\envs\basic_recommender\python.exe,auto,2.6.0+cu126,12.6,True,cuda,True,available,d80144399d9fc76b6ed483db3217970240dd6cb36479ef5bbcbaaaa369199f96,7a5d30b1e2c474b22548deedfb7c8956b8b365df2e170912d6963a7d34a539e8,20000,5000,16.29736328125,22.0,17.3076171875,22.0
4,1003,torch_collaborative,250,100,0.8764,,15.320186853408813,49.2374523000035,21.5,5.399999999999999,74.3,3.200000000000003,11941.6953125,510.06640625,7.534883720930233,23.0,3.2470703125,1.318359375,133.0,54.0,53.0,-1.0,17.69287109375,24.0,18.953125,24.0,True,nvidia-smi,NVIDIA GeForce RTX 3050 Ti Laptop GPU,27.0,95.53488372093024,133.0,55.0,86,system-wide (NVML/nvidia-smi),1996.0,C:\Users\satwi\.conda\envs\basic_recommender\python.exe,auto,2.6.0+cu126,12.6,True,cuda,True,available,d80144399d9fc76b6ed483db3217970240dd6cb36479ef5bbcbaaaa369199f96,7a5d30b1e2c474b22548deedfb7c8956b8b365df2e170912d6963a7d34a539e8,20000,5000,17.69287109375,24.0,18.953125,24.0
4,1003,ao_per_user_cpu,250,200,0.7772,0.7875000000000001,122.8830201625824,158.80188610000187,24.9,6.899999999999999,73.0,2.700000000000003,11733.30078125,432.76953125,0.0,0.0,0.0,0.0,0.0,0.0,55.0,1.0,,,,,True,nvidia-smi,,0.0,0.0,0.0,56.0,143,system-wide (NVML/nvidia-smi),14916.0,C:\Users\satwi\.conda\envs\basic_recommender\python.exe,cpu,2.6.0+cu126,12.6,True,cpu,True,available,5b5f722dc3e3959538b46006bf2b450815855462e91b8df0df9e417fa6d93c8d,65763981b243faf5e4a8f8c0969364917531a693940ea4fb6799a1f3a7852cbf,40000,10000,,,,
4,1003,ao_per_user_cuda,250,200,0.7525,0.75,21.41301679611206,56.89443429998937,19.6,1.5,72.2,1.0,11598.75390625,144.41796875,0.5851063829787234,-4.0,2.7587890625,0.830078125,113.0,34.0,52.0,-2.0,0.0,22.0,1.4853515625,22.0,True,nvidia-smi,NVIDIA GeForce RTX 3050 Ti Laptop GPU,5.0,90.93617021276596,113.0,55.0,94,system-wide (NVML/nvidia-smi),17080.0,C:\Users\satwi\.conda\envs\basic_recommender\python.exe,cuda,2.6.0+cu126,12.6,True,cuda,True,available,5b5f722dc3e3959538b46006bf2b450815855462e91b8df0df9e417fa6d93c8d,65763981b243faf5e4a8f8c0969364917531a693940ea4fb6799a1f3a7852cbf,40000,10000,0.0,22.0,1.4853515625,22.0
4,1003,per_user_pytorch,250,200,0.6169,0.625,16.1518337726593,51.95085000002291,21.9,7.099999999999998,73.9,2.700000000000003,11884.4921875,439.6328125,9.978021978021978,28.0,3.1982421875,1.26953125,131.0,52.0,53.0,-1.0,16.31103515625,22.0,17.3388671875,22.0,True,nvidia-smi,NVIDIA GeForce RTX 3050 Ti Laptop GPU,45.0,93.92307692307692,131.0,55.0,91,system-wide (NVML/nvidia-smi),24440.0,C:\Users\satwi\.conda\envs\basic_recommender\python.exe,auto,2.6.0+cu126,12.6,True,cuda,True,available,5b5f722dc3e3959538b46006bf2b450815855462e91b8df0df9e417fa6d93c8d,65763981b243faf5e4a8f8c0969364917531a693940ea4fb6799a1f3a7852cbf,40000,10000,16.31103515625,22.0,17.3388671875,22.0
4,1003,torch_collaborative,250,200,0.8336,,31.1489155292511,65.81719520001207,23.0,6.0,74.5,3.299999999999997,11978.8828125,526.21875,12.156521739130435,23.0,3.2470703125,1.318359375,133.0,54.0,53.0,-1.0,18.21484375,24.0,19.4931640625,24.0,True,nvidia-smi,NVIDIA GeForce RTX 3050 Ti Laptop GPU,28.0,104.86086956521739,133.0,55.0,115,system-wide (NVML/nvidia-smi),23908.0,C:\Users\satwi\.conda\envs\basic_recommender\python.exe,auto,2.6.0+cu126,12.6,True,cuda,True,available,5b5f722dc3e3959538b46006bf2b450815855462e91b8df0df9e417fa6d93c8d,65763981b243faf5e4a8f8c0969364917531a693940ea4fb6799a1f3a7852cbf,40000,10000,18.21484375,24.0,19.4931640625,24.0
5,1004,ao_per_user_cpu,250,5,0.772,1.0,23.291330337524414,55.92703309998615,26.8,-2.3999999999999986,72.2,1.7000000000000028,11612.47265625,282.19921875,0.0,0.0,0.0,0.0,0.0,0.0,55.0,0.0,,,,,True,nvidia-smi,,0.0,0.0,0.0,56.0,50,system-wide (NVML/nvidia-smi),12984.0,C:\Users\satwi\.conda\envs\basic_recommender\python.exe,cpu,2.6.0+cu126,12.6,True,cpu,True,available,5d23e2bd18304e497f1cbb35dae4fee7fc640b64bb0c7ec7a497321ab198439f,235cda1e78dc1523d4d75385e620ccdc259b94a08e8e1d5019c581cbd1ed8fd6,1000,250,,,,
5,1004,ao_per_user_cuda,250,5,0.776,1.0,18.76197648048401,50.993184799997834,18.9,3.799999999999999,71.8,0.5999999999999943,11542.59375,98.6875,0.4090909090909091,-2.0,2.2705078125,0.341796875,93.0,14.0,52.0,-3.0,0.0,2.0,0.00390625,2.0,True,nvidia-smi,NVIDIA GeForce RTX 3050 Ti Laptop GPU,3.0,83.93181818181819,93.0,55.0,88,system-wide (NVML/nvidia-smi),25432.0,C:\Users\satwi\.conda\envs\basic_recommender\python.exe,cuda,2.6.0+cu126,12.6,True,cuda,True,available,5d23e2bd18304e497f1cbb35dae4fee7fc640b64bb0c7ec7a497321ab198439f,235cda1e78dc1523d4d75385e620ccdc259b94a08e8e1d5019c581cbd1ed8fd6,1000,250,0.0,2.0,0.00390625,2.0
5,1004,per_user_pytorch,250,5,0.632,1.0,12.650170803070068,45.47631990001537,21.4,5.199999999999999,73.4,2.200000000000003,11802.578125,363.859375,8.126582278481013,33.0,3.1982421875,1.26953125,131.0,52.0,53.0,-1.0,16.28369140625,22.0,17.28466796875,22.0,True,nvidia-smi,NVIDIA GeForce RTX 3050 Ti Laptop GPU,36.0,92.21518987341773,131.0,54.0,79,system-wide (NVML/nvidia-smi),25520.0,C:\Users\satwi\.conda\envs\basic_recommender\python.exe,auto,2.6.0+cu126,12.6,True,cuda,True,available,5d23e2bd18304e497f1cbb35dae4fee7fc640b64bb0c7ec7a497321ab198439f,235cda1e78dc1523d4d75385e620ccdc259b94a08e8e1d5019c581cbd1ed8fd6,1000,250,16.28369140625,22.0,17.28466796875,22.0
5,1004,torch_collaborative,250,5,0.784,,0.9260663986206055,33.612754600006156,19.5,4.0,73.8,2.5999999999999943,11859.4921875,413.74609375,0.288135593220339,8.0,3.1982421875,1.26953125,131.0,52.0,53.0,-1.0,16.830078125,22.0,18.0595703125,22.0,True,nvidia-smi,NVIDIA GeForce RTX 3050 Ti Laptop GPU,11.0,80.83050847457628,131.0,55.0,59,system-wide (NVML/nvidia-smi),13184.0,C:\Users\satwi\.conda\envs\basic_recommender\python.exe,auto,2.6.0+cu126,12.6,True,cuda,True,available,5d23e2bd18304e497f1cbb35dae4fee7fc640b64bb0c7ec7a497321ab198439f,235cda1e78dc1523d4d75385e620ccdc259b94a08e8e1d5019c581cbd1ed8fd6,1000,250,16.830078125,22.0,18.0595703125,22.0
5,1004,ao_per_user_cpu,250,10,0.732,1.0,24.723943948745728,56.20345579998684,25.3,7.900000000000002,71.7,0.9000000000000057,11522.6484375,149.8828125,0.0,0.0,0.0,0.0,0.0,0.0,54.0,0.0,,,,,True,nvidia-smi,,0.0,0.0,0.0,55.0,50,system-wide (NVML/nvidia-smi),18860.0,C:\Users\satwi\.conda\envs\basic_recommender\python.exe,cpu,2.6.0+cu126,12.6,True,cpu,True,available,70da41e21aa0701ffbf975ecffc4033fe7bc951f1af6885e57c1641e4a9608f7,379980c2ba6d1de2625fa8af55efe7add2479f76d041f0182b60e011d93a57c6,2000,500,,,,
5,1004,ao_per_user_cuda,250,10,0.728,1.0,18.903986930847168,50.59967619998497,20.6,3.200000000000003,71.9,1.2000000000000028,11551.01953125,186.03515625,0.5057471264367817,-4.0,2.2705078125,0.341796875,93.0,14.0,52.0,-2.0,0.0,2.0,0.00634765625,2.0,True,nvidia-smi,NVIDIA GeForce RTX 3050 Ti Laptop GPU,5.0,83.98850574712644,93.0,55.0,87,system-wide (NVML/nvidia-smi),26652.0,C:\Users\satwi\.conda\envs\basic_recommender\python.exe,cuda,2.6.0+cu126,12.6,True,cuda,True,available,70da41e21aa0701ffbf975ecffc4033fe7bc951f1af6885e57c1641e4a9608f7,379980c2ba6d1de2625fa8af55efe7add2479f76d041f0182b60e011d93a57c6,2000,500,0.0,2.0,0.00634765625,2.0
5,1004,per_user_pytorch,250,10,0.596,0.5,10.366015672683716,42.76193459998467,21.6,-6.099999999999998,72.9,1.8000000000000114,11716.08203125,281.34375,8.460526315789474,39.0,3.1982421875,1.26953125,131.0,52.0,53.0,-1.0,16.2841796875,22.0,17.28515625,22.0,True,nvidia-smi,NVIDIA GeForce RTX 3050 Ti Laptop GPU,47.0,90.57894736842105,131.0,55.0,76,system-wide (NVML/nvidia-smi),26772.0,C:\Users\satwi\.conda\envs\basic_recommender\python.exe,auto,2.6.0+cu126,12.6,True,cuda,True,available,70da41e21aa0701ffbf975ecffc4033fe7bc951f1af6885e57c1641e4a9608f7,379980c2ba6d1de2625fa8af55efe7add2479f76d041f0182b60e011d93a57c6,2000,500,16.2841796875,22.0,17.28515625,22.0
5,1004,torch_collaborative,250,10,0.774,,1.6992509365081787,35.04548800000339,21.4,4.299999999999997,73.8,3.200000000000003,11867.2890625,517.75390625,0.7741935483870968,18.0,3.2470703125,1.318359375,133.0,54.0,53.0,-1.0,16.9677734375,24.0,18.2021484375,24.0,True,nvidia-smi,NVIDIA GeForce RTX 3050 Ti Laptop GPU,21.0,81.58064516129032,131.0,55.0,62,system-wide (NVML/nvidia-smi),26224.0,C:\Users\satwi\.conda\envs\basic_recommender\python.exe,auto,2.6.0+cu126,12.6,True,cuda,True,available,70da41e21aa0701ffbf975ecffc4033fe7bc951f1af6885e57c1641e4a9608f7,379980c2ba6d1de2625fa8af55efe7add2479f76d041f0182b60e011d93a57c6,2000,500,16.9677734375,24.0,18.2021484375,24.0
5,1004,ao_per_user_cpu,250,25,0.7728,0.8,30.811221599578857,63.0300983999914,25.1,7.700000000000003,72.0,1.5,11575.21484375,238.703125,0.0,0.0,0.0,0.0,0.0,0.0,55.0,1.0,,,,,True,nvidia-smi,,0.0,0.0,0.0,55.0,57,system-wide (NVML/nvidia-smi),25008.0,C:\Users\satwi\.conda\envs\basic_recommender\python.exe,cpu,2.6.0+cu126,12.6,True,cpu,True,available,83ebea47ded0c8dd4f3e4cdccb23be1162c728610a1418c8081625008e6bc071,d060a83660e36fb6cdbcee2123795f4e13fe5ea13d6de6ee1d56a85b7fa21729,5000,1250,,,,
5,1004,ao_per_user_cuda,250,25,0.7584,0.8,19.04652690887451,51.67926999999327,19.8,3.9000000000000004,71.7,1.2000000000000028,11529.84375,194.09375,0.4659090909090909,-4.0,2.2705078125,0.341796875,93.0,14.0,52.0,-3.0,0.0,2.0,0.0263671875,2.0,True,nvidia-smi,NVIDIA GeForce RTX 3050 Ti Laptop GPU,5.0,83.93181818181819,93.0,55.0,88,system-wide (NVML/nvidia-smi),3352.0,C:\Users\satwi\.conda\envs\basic_recommender\python.exe,cuda,2.6.0+cu126,12.6,True,cuda,True,available,83ebea47ded0c8dd4f3e4cdccb23be1162c728610a1418c8081625008e6bc071,d060a83660e36fb6cdbcee2123795f4e13fe5ea13d6de6ee1d56a85b7fa21729,5000,1250,0.0,2.0,0.0263671875,2.0
5,1004,per_user_pytorch,250,25,0.6384,0.6,13.14934253692627,45.487952600000426,22.6,7.100000000000001,73.2,2.1000000000000085,11768.5859375,345.48828125,9.8125,35.0,3.1982421875,1.26953125,131.0,52.0,53.0,0.0,16.28662109375,22.0,17.28759765625,22.0,True,nvidia-smi,NVIDIA GeForce RTX 3050 Ti Laptop GPU,41.0,92.7,131.0,54.0,80,system-wide (NVML/nvidia-smi),18176.0,C:\Users\satwi\.conda\envs\basic_recommender\python.exe,auto,2.6.0+cu126,12.6,True,cuda,True,available,83ebea47ded0c8dd4f3e4cdccb23be1162c728610a1418c8081625008e6bc071,d060a83660e36fb6cdbcee2123795f4e13fe5ea13d6de6ee1d56a85b7fa21729,5000,1250,16.28662109375,22.0,17.28759765625,22.0
5,1004,torch_collaborative,250,25,0.8496,,3.9151155948638916,37.33512590001919,20.3,3.8000000000000007,73.4,2.5,11806.42578125,409.125,2.1538461538461537,18.0,3.2470703125,1.318359375,133.0,54.0,53.0,-1.0,17.2021484375,24.0,18.44921875,24.0,True,nvidia-smi,NVIDIA GeForce RTX 3050 Ti Laptop GPU,23.0,84.26153846153846,133.0,55.0,65,system-wide (NVML/nvidia-smi),13340.0,C:\Users\satwi\.conda\envs\basic_recommender\python.exe,auto,2.6.0+cu126,12.6,True,cuda,True,available,83ebea47ded0c8dd4f3e4cdccb23be1162c728610a1418c8081625008e6bc071,d060a83660e36fb6cdbcee2123795f4e13fe5ea13d6de6ee1d56a85b7fa21729,5000,1250,17.2021484375,24.0,18.44921875,24.0
5,1004,ao_per_user_cpu,250,100,0.782,0.8,63.59365916252136,97.77138560000458,24.7,9.2,71.9,1.4000000000000057,11562.85546875,225.84375,0.0,0.0,0.0,0.0,0.0,0.0,55.0,1.0,,,,,True,nvidia-smi,,0.0,0.0,0.0,55.0,88,system-wide (NVML/nvidia-smi),9360.0,C:\Users\satwi\.conda\envs\basic_recommender\python.exe,cpu,2.6.0+cu126,12.6,True,cpu,True,available,b9d4248e71af997cdc847fa19ea9e296ed3438e00c303d48daf97bed58197006,20c482ec6c99ce909ee109ddb72d4e441d4f7036d56db5e5bdaf750871fdaef6,20000,5000,,,,
5,1004,ao_per_user_cuda,250,100,0.7486,0.75,19.833823442459106,54.1687769999844,19.8,0.5,71.7,1.1000000000000085,11533.84765625,189.7109375,0.3956043956043956,-2.0,2.2705078125,0.341796875,93.0,14.0,52.0,-3.0,0.0,2.0,0.37451171875,2.0,True,nvidia-smi,NVIDIA GeForce RTX 3050 Ti Laptop GPU,3.0,83.76923076923077,93.0,55.0,91,system-wide (NVML/nvidia-smi),17624.0,C:\Users\satwi\.conda\envs\basic_recommender\python.exe,cuda,2.6.0+cu126,12.6,True,cuda,True,available,b9d4248e71af997cdc847fa19ea9e296ed3438e00c303d48daf97bed58197006,20c482ec6c99ce909ee109ddb72d4e441d4f7036d56db5e5bdaf750871fdaef6,20000,5000,0.0,2.0,0.37451171875,2.0
5,1004,per_user_pytorch,250,100,0.63,0.65,14.435053586959839,48.361126800009515,21.3,5.800000000000001,73.4,2.5,11795.85546875,395.7578125,9.717647058823529,28.0,3.1982421875,1.26953125,131.0,52.0,53.0,-1.0,16.29736328125,22.0,17.3076171875,22.0,True,nvidia-smi,NVIDIA GeForce RTX 3050 Ti Laptop GPU,43.0,93.11764705882354,131.0,55.0,85,system-wide (NVML/nvidia-smi),19904.0,C:\Users\satwi\.conda\envs\basic_recommender\python.exe,auto,2.6.0+cu126,12.6,True,cuda,True,available,b9d4248e71af997cdc847fa19ea9e296ed3438e00c303d48daf97bed58197006,20c482ec6c99ce909ee109ddb72d4e441d4f7036d56db5e5bdaf750871fdaef6,20000,5000,16.29736328125,22.0,17.3076171875,22.0
5,1004,torch_collaborative,250,100,0.8654,,15.301440238952637,49.64593749999767,21.8,5.199999999999999,74.3,3.299999999999997,11946.46484375,538.8671875,7.7272727272727275,23.0,3.2470703125,1.318359375,133.0,54.0,53.0,-1.0,17.68701171875,24.0,18.947265625,24.0,True,nvidia-smi,NVIDIA GeForce RTX 3050 Ti Laptop GPU,27.0,95.61363636363636,133.0,55.0,88,system-wide (NVML/nvidia-smi),24100.0,C:\Users\satwi\.conda\envs\basic_recommender\python.exe,auto,2.6.0+cu126,12.6,True,cuda,True,available,b9d4248e71af997cdc847fa19ea9e296ed3438e00c303d48daf97bed58197006,20c482ec6c99ce909ee109ddb72d4e441d4f7036d56db5e5bdaf750871fdaef6,20000,5000,17.68701171875,24.0,18.947265625,24.0
5,1004,ao_per_user_cpu,250,200,0.7826000000000001,0.8,121.87960004806519,157.75557460001437,24.2,8.6,73.0,2.299999999999997,11728.6796875,365.5078125,0.0,0.0,0.0,0.0,0.0,0.0,55.0,1.0,,,,,True,nvidia-smi,,0.0,0.0,0.0,56.0,144,system-wide (NVML/nvidia-smi),18496.0,C:\Users\satwi\.conda\envs\basic_recommender\python.exe,cpu,2.6.0+cu126,12.6,True,cpu,True,available,f3a07feeb1b5287f29a0f1a4d80915c0658b3bbb2a516f4bf0d4ef1ee392d6a7,39ba2a6954c17e124f2896bcf2ef18318400fa134ac4693059b8a22cfa0323c2,40000,10000,,,,
5,1004,ao_per_user_cuda,250,200,0.7581,0.75,21.22780680656433,56.49037290000706,19.4,-0.7000000000000028,72.1,0.8999999999999915,11591.5,144.6484375,0.5376344086021505,-1.0,2.7587890625,0.830078125,113.0,34.0,53.0,-2.0,0.0,22.0,1.4853515625,22.0,True,nvidia-smi,NVIDIA GeForce RTX 3050 Ti Laptop GPU,2.0,90.6989247311828,113.0,56.0,93,system-wide (NVML/nvidia-smi),20964.0,C:\Users\satwi\.conda\envs\basic_recommender\python.exe,cuda,2.6.0+cu126,12.6,True,cuda,True,available,f3a07feeb1b5287f29a0f1a4d80915c0658b3bbb2a516f4bf0d4ef1ee392d6a7,39ba2a6954c17e124f2896bcf2ef18318400fa134ac4693059b8a22cfa0323c2,40000,10000,0.0,22.0,1.4853515625,22.0
5,1004,per_user_pytorch,250,200,0.6531,0.675,14.870814561843872,50.433055900008185,21.9,3.8999999999999986,73.8,2.700000000000003,11862.296875,431.265625,10.056818181818182,34.0,3.1982421875,1.26953125,131.0,52.0,53.0,-1.0,16.31103515625,22.0,17.3388671875,22.0,True,nvidia-smi,NVIDIA GeForce RTX 3050 Ti Laptop GPU,40.0,93.61363636363636,131.0,55.0,88,system-wide (NVML/nvidia-smi),28084.0,C:\Users\satwi\.conda\envs\basic_recommender\python.exe,auto,2.6.0+cu126,12.6,True,cuda,True,available,f3a07feeb1b5287f29a0f1a4d80915c0658b3bbb2a516f4bf0d4ef1ee392d6a7,39ba2a6954c17e124f2896bcf2ef18318400fa134ac4693059b8a22cfa0323c2,40000,10000,16.31103515625,22.0,17.3388671875,22.0
5,1004,torch_collaborative,250,200,0.8777,,31.637057781219482,66.20951300000888,24.7,-3.8000000000000007,75.6,4.299999999999997,12160.41796875,703.0234375,11.810344827586206,23.0,3.2470703125,1.318359375,133.0,54.0,53.0,-1.0,18.10546875,24.0,19.3837890625,24.0,True,nvidia-smi,NVIDIA GeForce RTX 3050 Ti Laptop GPU,27.0,105.10344827586206,133.0,55.0,116,system-wide (NVML/nvidia-smi),25064.0,C:\Users\satwi\.conda\envs\basic_recommender\python.exe,auto,2.6.0+cu126,12.6,True,cuda,True,available,f3a07feeb1b5287f29a0f1a4d80915c0658b3bbb2a516f4bf0d4ef1ee392d6a7,39ba2a6954c17e124f2896bcf2ef18318400fa134ac4693059b8a22cfa0323c2,40000,10000,18.10546875,24.0,19.3837890625,24.0
6,1005,ao_per_user_cpu,250,5,0.74,1.0,23.38933300971985,55.63425670002471,26.2,11.2,72.8,0.8999999999999915,11708.5859375,153.15625,0.0,0.0,0.0,0.0,0.0,0.0,55.0,1.0,,,,,True,nvidia-smi,,0.0,0.0,0.0,55.0,50,system-wide (NVML/nvidia-smi),3652.0,C:\Users\satwi\.conda\envs\basic_recommender\python.exe,cpu,2.6.0+cu126,12.6,True,cpu,True,available,38312cc37787ded803928b4617ec1d61c97ce13b63cca7cbc21ea9eb4f27ac69,ff10d9b7bc74d057cc7054b1c01f727d4f34be2d7f1beaddf5ee6cd125433c66,1000,250,,,,
6,1005,ao_per_user_cuda,250,5,0.728,1.0,19.249733209609985,51.11575409999932,20.4,3.0,72.4,0.7000000000000028,11634.40234375,101.31640625,0.5,-2.0,2.2705078125,0.341796875,93.0,14.0,52.0,-3.0,0.0,2.0,0.00390625,2.0,True,nvidia-smi,NVIDIA GeForce RTX 3050 Ti Laptop GPU,4.0,84.0909090909091,93.0,55.0,88,system-wide (NVML/nvidia-smi),22184.0,C:\Users\satwi\.conda\envs\basic_recommender\python.exe,cuda,2.6.0+cu126,12.6,True,cuda,True,available,38312cc37787ded803928b4617ec1d61c97ce13b63cca7cbc21ea9eb4f27ac69,ff10d9b7bc74d057cc7054b1c01f727d4f34be2d7f1beaddf5ee6cd125433c66,1000,250,0.0,2.0,0.00390625,2.0
6,1005,per_user_pytorch,250,5,0.548,1.0,11.13027548789978,42.90150169999106,22.2,-6.400000000000002,73.9,2.3000000000000114,11871.75390625,361.2265625,7.48,33.0,3.1982421875,1.26953125,131.0,52.0,53.0,-1.0,16.28369140625,22.0,17.28466796875,22.0,True,nvidia-smi,NVIDIA GeForce RTX 3050 Ti Laptop GPU,40.0,90.06666666666666,131.0,55.0,75,system-wide (NVML/nvidia-smi),26084.0,C:\Users\satwi\.conda\envs\basic_recommender\python.exe,auto,2.6.0+cu126,12.6,True,cuda,True,available,38312cc37787ded803928b4617ec1d61c97ce13b63cca7cbc21ea9eb4f27ac69,ff10d9b7bc74d057cc7054b1c01f727d4f34be2d7f1beaddf5ee6cd125433c66,1000,250,16.28369140625,22.0,17.28466796875,22.0
6,1005,torch_collaborative,250,5,0.728,,0.9730160236358643,34.07059409999056,20.6,3.900000000000002,74.3,2.700000000000003,11940.06640625,436.546875,0.1,17.0,3.1982421875,1.26953125,131.0,52.0,53.0,-1.0,16.833984375,22.0,18.0634765625,22.0,True,nvidia-smi,NVIDIA GeForce RTX 3050 Ti Laptop GPU,3.0,80.8,131.0,55.0,60,system-wide (NVML/nvidia-smi),17428.0,C:\Users\satwi\.conda\envs\basic_recommender\python.exe,auto,2.6.0+cu126,12.6,True,cuda,True,available,38312cc37787ded803928b4617ec1d61c97ce13b63cca7cbc21ea9eb4f27ac69,ff10d9b7bc74d057cc7054b1c01f727d4f34be2d7f1beaddf5ee6cd125433c66,1000,250,16.833984375,22.0,18.0634765625,22.0
6,1005,ao_per_user_cpu,250,10,0.784,1.0,25.64204454421997,58.23154599999543,28.1,10.3,72.4,1.4000000000000057,11646.44921875,233.16796875,0.0,0.0,0.0,0.0,0.0,0.0,54.0,0.0,,,,,True,nvidia-smi,,0.0,0.0,0.0,55.0,51,system-wide (NVML/nvidia-smi),26852.0,C:\Users\satwi\.conda\envs\basic_recommender\python.exe,cpu,2.6.0+cu126,12.6,True,cpu,True,available,aefdd43378b8b99791fcaeab2e18b246625faaa8a06a87f7062d2709ba9f74dd,24e09203fdabbadf235e7df0950bc61daa72f0c87435f6a14fc695c67b60a6a7,2000,500,,,,
6,1005,ao_per_user_cuda,250,10,0.742,1.0,19.118481636047363,51.34616620000452,20.8,4.5,72.4,1.0,11634.62890625,164.46875,0.40229885057471265,-2.0,2.2705078125,0.341796875,93.0,14.0,52.0,-3.0,0.0,2.0,0.00634765625,2.0,True,nvidia-smi,NVIDIA GeForce RTX 3050 Ti Laptop GPU,3.0,83.98850574712644,93.0,55.0,87,system-wide (NVML/nvidia-smi),20128.0,C:\Users\satwi\.conda\envs\basic_recommender\python.exe,cuda,2.6.0+cu126,12.6,True,cuda,True,available,aefdd43378b8b99791fcaeab2e18b246625faaa8a06a87f7062d2709ba9f74dd,24e09203fdabbadf235e7df0950bc61daa72f0c87435f6a14fc695c67b60a6a7,2000,500,0.0,2.0,0.00634765625,2.0
6,1005,per_user_pytorch,250,10,0.62,0.5,12.66865587234497,44.627730600012,21.8,0.40000000000000213,73.5,1.9000000000000057,11816.26171875,299.77734375,8.784810126582279,32.0,3.1982421875,1.26953125,131.0,52.0,52.0,-1.0,16.2841796875,22.0,17.28515625,22.0,True,nvidia-smi,NVIDIA GeForce RTX 3050 Ti Laptop GPU,37.0,92.87341772151899,131.0,54.0,79,system-wide (NVML/nvidia-smi),8100.0,C:\Users\satwi\.conda\envs\basic_recommender\python.exe,auto,2.6.0+cu126,12.6,True,cuda,True,available,aefdd43378b8b99791fcaeab2e18b246625faaa8a06a87f7062d2709ba9f74dd,24e09203fdabbadf235e7df0950bc61daa72f0c87435f6a14fc695c67b60a6a7,2000,500,16.2841796875,22.0,17.28515625,22.0
6,1005,torch_collaborative,250,10,0.81,,1.6556968688964844,35.01088310001069,21.5,5.6,74.5,3.299999999999997,11970.3203125,525.35546875,0.7419354838709677,18.0,3.2470703125,1.318359375,133.0,54.0,53.0,-1.0,16.9443359375,24.0,18.1787109375,24.0,True,nvidia-smi,NVIDIA GeForce RTX 3050 Ti Laptop GPU,20.0,81.58064516129032,131.0,54.0,62,system-wide (NVML/nvidia-smi),23936.0,C:\Users\satwi\.conda\envs\basic_recommender\python.exe,auto,2.6.0+cu126,12.6,True,cuda,True,available,aefdd43378b8b99791fcaeab2e18b246625faaa8a06a87f7062d2709ba9f74dd,24e09203fdabbadf235e7df0950bc61daa72f0c87435f6a14fc695c67b60a6a7,2000,500,16.9443359375,24.0,18.1787109375,24.0
6,1005,ao_per_user_cpu,250,25,0.7808,0.8,30.847004652023315,63.65444739998202,26.0,9.899999999999999,72.8,1.5999999999999943,11697.8828125,248.01953125,0.0,0.0,0.0,0.0,0.0,0.0,55.0,1.0,,,,,True,nvidia-smi,,0.0,0.0,0.0,55.0,57,system-wide (NVML/nvidia-smi),7340.0,C:\Users\satwi\.conda\envs\basic_recommender\python.exe,cpu,2.6.0+cu126,12.6,True,cpu,True,available,45fd7483f557c692c44b5a954a49d1a0619fed58055b671674501888fcc7a984,81e804993f23c47e0193a31b91d42c76bfb450e9b5dc542e3c92df498800d486,5000,1250,,,,
6,1005,ao_per_user_cuda,250,25,0.752,0.8,19.445311307907104,51.21561819998897,19.2,2.599999999999998,72.4,0.8000000000000114,11632.54296875,129.56640625,0.5172413793103449,-2.0,2.2705078125,0.341796875,93.0,14.0,52.0,-3.0,0.0,2.0,0.0263671875,2.0,True,nvidia-smi,NVIDIA GeForce RTX 3050 Ti Laptop GPU,5.0,83.98850574712644,93.0,55.0,87,system-wide (NVML/nvidia-smi),22996.0,C:\Users\satwi\.conda\envs\basic_recommender\python.exe,cuda,2.6.0+cu126,12.6,True,cuda,True,available,45fd7483f557c692c44b5a954a49d1a0619fed58055b671674501888fcc7a984,81e804993f23c47e0193a31b91d42c76bfb450e9b5dc542e3c92df498800d486,5000,1250,0.0,2.0,0.0263671875,2.0
6,1005,per_user_pytorch,250,25,0.636,0.6,10.561906576156616,43.101991499977885,22.5,-2.5,74.0,2.299999999999997,11900.25390625,376.71875,8.078947368421053,34.0,3.1982421875,1.26953125,131.0,52.0,53.0,-1.0,16.28662109375,22.0,17.28759765625,22.0,True,nvidia-smi,NVIDIA GeForce RTX 3050 Ti Laptop GPU,41.0,90.42105263157895,131.0,54.0,76,system-wide (NVML/nvidia-smi),23768.0,C:\Users\satwi\.conda\envs\basic_recommender\python.exe,auto,2.6.0+cu126,12.6,True,cuda,True,available,45fd7483f557c692c44b5a954a49d1a0619fed58055b671674501888fcc7a984,81e804993f23c47e0193a31b91d42c76bfb450e9b5dc542e3c92df498800d486,5000,1250,16.28662109375,22.0,17.28759765625,22.0
6,1005,torch_collaborative,250,25,0.832,,3.859328031539917,37.17428509998717,20.6,5.500000000000002,74.5,2.9000000000000057,11970.1640625,452.22265625,1.7230769230769232,18.0,3.2470703125,1.318359375,133.0,54.0,53.0,-1.0,17.1767578125,24.0,18.423828125,24.0,True,nvidia-smi,NVIDIA GeForce RTX 3050 Ti Laptop GPU,22.0,84.26153846153846,133.0,55.0,65,system-wide (NVML/nvidia-smi),24460.0,C:\Users\satwi\.conda\envs\basic_recommender\python.exe,auto,2.6.0+cu126,12.6,True,cuda,True,available,45fd7483f557c692c44b5a954a49d1a0619fed58055b671674501888fcc7a984,81e804993f23c47e0193a31b91d42c76bfb450e9b5dc542e3c92df498800d486,5000,1250,17.1767578125,24.0,18.423828125,24.0
6,1005,ao_per_user_cpu,250,100,0.7652,0.8,64.60908484458923,98.74847809999483,26.1,10.500000000000002,72.9,1.8000000000000114,11716.4375,289.3046875,0.0,0.0,0.0,0.0,0.0,0.0,55.0,1.0,,,,,True,nvidia-smi,,0.0,0.0,0.0,56.0,89,system-wide (NVML/nvidia-smi),28668.0,C:\Users\satwi\.conda\envs\basic_recommender\python.exe,cpu,2.6.0+cu126,12.6,True,cpu,True,available,afed16c0e59f8b8622b74484f58b707c69e0f3044419b7b5e2914262ffdc6748,95d5b456e5db3de432e45546b8cb81e0a9d8872b889d9d2ea846e1344326559c,20000,5000,,,,
6,1005,ao_per_user_cuda,250,100,0.7436,0.75,20.00706458091736,53.70409370001289,19.5,4.699999999999999,72.0,0.5,11570.7734375,84.62109375,0.43333333333333335,-2.0,2.2705078125,0.341796875,93.0,14.0,52.0,-2.0,0.0,2.0,0.37451171875,2.0,True,nvidia-smi,NVIDIA GeForce RTX 3050 Ti Laptop GPU,3.0,83.82222222222222,93.0,55.0,90,system-wide (NVML/nvidia-smi),27416.0,C:\Users\satwi\.conda\envs\basic_recommender\python.exe,cuda,2.6.0+cu126,12.6,True,cuda,True,available,afed16c0e59f8b8622b74484f58b707c69e0f3044419b7b5e2914262ffdc6748,95d5b456e5db3de432e45546b8cb81e0a9d8872b889d9d2ea846e1344326559c,20000,5000,0.0,2.0,0.37451171875,2.0
6,1005,per_user_pytorch,250,100,0.6227999999999999,0.65,14.479063510894775,48.81171040001209,22.6,6.5,74.1,3.0999999999999943,11907.91015625,487.01171875,9.435294117647059,32.0,3.1982421875,1.26953125,131.0,52.0,53.0,0.0,16.29736328125,22.0,17.3076171875,22.0,True,nvidia-smi,NVIDIA GeForce RTX 3050 Ti Laptop GPU,43.0,93.11764705882354,131.0,54.0,85,system-wide (NVML/nvidia-smi),6240.0,C:\Users\satwi\.conda\envs\basic_recommender\python.exe,auto,2.6.0+cu126,12.6,True,cuda,True,available,afed16c0e59f8b8622b74484f58b707c69e0f3044419b7b5e2914262ffdc6748,95d5b456e5db3de432e45546b8cb81e0a9d8872b889d9d2ea846e1344326559c,20000,5000,16.29736328125,22.0,17.3076171875,22.0
6,1005,torch_collaborative,250,100,0.8588,,15.240097284317017,49.11498419998679,19.8,0.1999999999999993,74.6,3.0,11991.375,487.09375,7.839080459770115,21.0,3.2470703125,1.318359375,133.0,54.0,53.0,-1.0,17.66748046875,24.0,18.927734375,24.0,True,nvidia-smi,NVIDIA GeForce RTX 3050 Ti Laptop GPU,27.0,95.82758620689656,133.0,55.0,87,system-wide (NVML/nvidia-smi),25516.0,C:\Users\satwi\.conda\envs\basic_recommender\python.exe,auto,2.6.0+cu126,12.6,True,cuda,True,available,afed16c0e59f8b8622b74484f58b707c69e0f3044419b7b5e2914262ffdc6748,95d5b456e5db3de432e45546b8cb81e0a9d8872b889d9d2ea846e1344326559c,20000,5000,17.66748046875,24.0,18.927734375,24.0
6,1005,ao_per_user_cpu,250,200,0.7574,0.775,123.77098417282104,159.62448120000772,25.3,9.100000000000001,73.5,2.9000000000000057,11807.86328125,453.80078125,0.0,0.0,0.0,0.0,0.0,0.0,56.0,2.0,,,,,True,nvidia-smi,,0.0,0.0,0.0,56.0,142,system-wide (NVML/nvidia-smi),22180.0,C:\Users\satwi\.conda\envs\basic_recommender\python.exe,cpu,2.6.0+cu126,12.6,True,cpu,True,available,be885451684addbd82700aa147894e7550ca314ebe16ec3878f4c3aeccb54a8a,8f438d0945884f1704e637851e96d790a96479a2008ea4f65ee3e00d9f5edeb7,40000,10000,,,,
6,1005,ao_per_user_cuda,250,200,0.7316,0.75,21.01587152481079,56.866027299984125,20.3,0.9000000000000021,72.5,0.7999999999999972,11659.71484375,129.13671875,0.5913978494623656,-4.0,2.7587890625,0.830078125,113.0,34.0,52.0,-3.0,0.0,22.0,1.4853515625,22.0,True,nvidia-smi,NVIDIA GeForce RTX 3050 Ti Laptop GPU,6.0,90.48387096774194,113.0,56.0,93,system-wide (NVML/nvidia-smi),23020.0,C:\Users\satwi\.conda\envs\basic_recommender\python.exe,cuda,2.6.0+cu126,12.6,True,cuda,True,available,be885451684addbd82700aa147894e7550ca314ebe16ec3878f4c3aeccb54a8a,8f438d0945884f1704e637851e96d790a96479a2008ea4f65ee3e00d9f5edeb7,40000,10000,0.0,22.0,1.4853515625,22.0
6,1005,per_user_pytorch,250,200,0.6617000000000001,0.675,16.311939001083374,52.2319439999992,23.4,6.399999999999999,74.3,2.700000000000003,11940.57421875,429.80078125,9.989010989010989,36.0,3.1982421875,1.26953125,131.0,52.0,53.0,0.0,16.31103515625,22.0,17.3388671875,22.0,True,nvidia-smi,NVIDIA GeForce RTX 3050 Ti Laptop GPU,42.0,94.27472527472527,131.0,54.0,91,system-wide (NVML/nvidia-smi),24556.0,C:\Users\satwi\.conda\envs\basic_recommender\python.exe,auto,2.6.0+cu126,12.6,True,cuda,True,available,be885451684addbd82700aa147894e7550ca314ebe16ec3878f4c3aeccb54a8a,8f438d0945884f1704e637851e96d790a96479a2008ea4f65ee3e00d9f5edeb7,40000,10000,16.31103515625,22.0,17.3388671875,22.0
6,1005,torch_collaborative,250,200,0.8263,,31.10253643989563,65.73964079999132,23.8,7.300000000000001,74.9,3.4000000000000057,12040.65625,549.7578125,12.060344827586206,24.0,3.2470703125,1.318359375,133.0,54.0,53.0,-1.0,18.126953125,24.0,19.4052734375,24.0,True,nvidia-smi,NVIDIA GeForce RTX 3050 Ti Laptop GPU,27.0,104.63793103448276,133.0,54.0,116,system-wide (NVML/nvidia-smi),19800.0,C:\Users\satwi\.conda\envs\basic_recommender\python.exe,auto,2.6.0+cu126,12.6,True,cuda,True,available,be885451684addbd82700aa147894e7550ca314ebe16ec3878f4c3aeccb54a8a,8f438d0945884f1704e637851e96d790a96479a2008ea4f65ee3e00d9f5edeb7,40000,10000,18.126953125,24.0,19.4052734375,24.0
7,1006,ao_per_user_cpu,250,5,0.74,1.0,23.536601781845093,56.476424399996176,26.3,10.0,72.5,1.5,11655.98046875,241.97265625,0.0,0.0,0.0,0.0,0.0,0.0,55.0,1.0,,,,,True,nvidia-smi,,0.0,0.0,0.0,55.0,50,system-wide (NVML/nvidia-smi),28408.0,C:\Users\satwi\.conda\envs\basic_recommender\python.exe,cpu,2.6.0+cu126,12.6,True,cpu,True,available,904325d1502aab6f294f9317c2b7c865c7e8c2880635391e344a4b5fb8b72258,83ceb172f0d72a70e3ee1cdd33605a70024186e8dd01333d1d149ad43e9f9369,1000,250,,,,
7,1006,ao_per_user_cuda,250,5,0.748,1.0,18.851059198379517,50.78630420000991,21.0,5.699999999999999,72.2,1.1000000000000085,11610.0859375,174.20703125,0.40229885057471265,-2.0,2.2705078125,0.341796875,93.0,14.0,53.0,-2.0,0.0,2.0,0.00390625,2.0,True,nvidia-smi,NVIDIA GeForce RTX 3050 Ti Laptop GPU,3.0,83.98850574712644,93.0,56.0,87,system-wide (NVML/nvidia-smi),22756.0,C:\Users\satwi\.conda\envs\basic_recommender\python.exe,cuda,2.6.0+cu126,12.6,True,cuda,True,available,904325d1502aab6f294f9317c2b7c865c7e8c2880635391e344a4b5fb8b72258,83ceb172f0d72a70e3ee1cdd33605a70024186e8dd01333d1d149ad43e9f9369,1000,250,0.0,2.0,0.00390625,2.0
7,1006,per_user_pytorch,250,5,0.64,1.0,13.373748540878296,45.556469899980584,22.4,7.499999999999998,74.0,2.4000000000000057,11888.92578125,385.78515625,8.8625,23.0,3.1982421875,1.26953125,131.0,52.0,53.0,-1.0,16.28369140625,22.0,17.28466796875,22.0,True,nvidia-smi,NVIDIA GeForce RTX 3050 Ti Laptop GPU,36.0,93.35,131.0,55.0,80,system-wide (NVML/nvidia-smi),8688.0,C:\Users\satwi\.conda\envs\basic_recommender\python.exe,auto,2.6.0+cu126,12.6,True,cuda,True,available,904325d1502aab6f294f9317c2b7c865c7e8c2880635391e344a4b5fb8b72258,83ceb172f0d72a70e3ee1cdd33605a70024186e8dd01333d1d149ad43e9f9369,1000,250,16.28369140625,22.0,17.28466796875,22.0
7,1006,torch_collaborative,250,5,0.76,,0.9233818054199219,34.07420030000503,21.9,7.099999999999998,74.0,2.4000000000000057,11900.3984375,393.53125,0.09836065573770492,16.0,3.1982421875,1.26953125,131.0,52.0,53.0,-1.0,16.8359375,22.0,18.0654296875,22.0,True,nvidia-smi,NVIDIA GeForce RTX 3050 Ti Laptop GPU,3.0,80.77049180327869,131.0,55.0,61,system-wide (NVML/nvidia-smi),16840.0,C:\Users\satwi\.conda\envs\basic_recommender\python.exe,auto,2.6.0+cu126,12.6,True,cuda,True,available,904325d1502aab6f294f9317c2b7c865c7e8c2880635391e344a4b5fb8b72258,83ceb172f0d72a70e3ee1cdd33605a70024186e8dd01333d1d149ad43e9f9369,1000,250,16.8359375,22.0,18.0654296875,22.0
7,1006,ao_per_user_cpu,250,10,0.776,1.0,25.35209560394287,57.70577620001859,26.6,7.300000000000001,72.7,1.6000000000000085,11683.09375,257.9296875,0.0,0.0,0.0,0.0,0.0,0.0,55.0,1.0,,,,,True,nvidia-smi,,0.0,0.0,0.0,55.0,50,system-wide (NVML/nvidia-smi),14784.0,C:\Users\satwi\.conda\envs\basic_recommender\python.exe,cpu,2.6.0+cu126,12.6,True,cpu,True,available,7d3410820685f521f6cce85f4c51c30b882061672c1d09059c8a79b8755b7999,e173b95e0262864dd4f5862e93379ad66c69d31df8c893425b66dd3a6b4091b4,2000,500,,,,
7,1006,ao_per_user_cuda,250,10,0.74,1.0,19.530970096588135,51.02107410001918,19.6,3.1000000000000014,71.9,0.30000000000001137,11553.9609375,49.484375,0.47126436781609193,-4.0,2.2705078125,0.341796875,93.0,14.0,52.0,-2.0,0.0,2.0,0.00634765625,2.0,True,nvidia-smi,NVIDIA GeForce RTX 3050 Ti Laptop GPU,5.0,84.14942528735632,93.0,55.0,87,system-wide (NVML/nvidia-smi),27004.0,C:\Users\satwi\.conda\envs\basic_recommender\python.exe,cuda,2.6.0+cu126,12.6,True,cuda,True,available,7d3410820685f521f6cce85f4c51c30b882061672c1d09059c8a79b8755b7999,e173b95e0262864dd4f5862e93379ad66c69d31df8c893425b66dd3a6b4091b4,2000,500,0.0,2.0,0.00634765625,2.0
7,1006,per_user_pytorch,250,10,0.602,0.5,13.298077821731567,45.185250700014876,21.1,3.200000000000003,73.7,2.0,11843.296875,322.9140625,8.625,33.0,3.1982421875,1.26953125,131.0,52.0,53.0,-1.0,16.2841796875,22.0,17.28515625,22.0,True,nvidia-smi,NVIDIA GeForce RTX 3050 Ti Laptop GPU,36.0,93.35,131.0,55.0,80,system-wide (NVML/nvidia-smi),17692.0,C:\Users\satwi\.conda\envs\basic_recommender\python.exe,auto,2.6.0+cu126,12.6,True,cuda,True,available,7d3410820685f521f6cce85f4c51c30b882061672c1d09059c8a79b8755b7999,e173b95e0262864dd4f5862e93379ad66c69d31df8c893425b66dd3a6b4091b4,2000,500,16.2841796875,22.0,17.28515625,22.0
7,1006,torch_collaborative,250,10,0.814,,1.6494247913360596,35.312745600007474,21.1,3.3000000000000007,74.3,2.8999999999999915,11949.66796875,467.16015625,0.41935483870967744,17.0,3.2470703125,1.318359375,133.0,54.0,53.0,-1.0,16.9423828125,24.0,18.1767578125,24.0,True,nvidia-smi,NVIDIA GeForce RTX 3050 Ti Laptop GPU,10.0,81.58064516129032,131.0,55.0,62,system-wide (NVML/nvidia-smi),25436.0,C:\Users\satwi\.conda\envs\basic_recommender\python.exe,auto,2.6.0+cu126,12.6,True,cuda,True,available,7d3410820685f521f6cce85f4c51c30b882061672c1d09059c8a79b8755b7999,e173b95e0262864dd4f5862e93379ad66c69d31df8c893425b66dd3a6b4091b4,2000,500,16.9423828125,24.0,18.1767578125,24.0
7,1006,ao_per_user_cpu,250,25,0.7872,0.8,30.642180681228638,63.90367710002465,26.1,9.8,72.3,1.3999999999999915,11616.140625,215.55078125,0.0,0.0,0.0,0.0,0.0,0.0,55.0,1.0,,,,,True,nvidia-smi,,0.0,0.0,0.0,55.0,57,system-wide (NVML/nvidia-smi),6052.0,C:\Users\satwi\.conda\envs\basic_recommender\python.exe,cpu,2.6.0+cu126,12.6,True,cpu,True,available,a79942cbb454c289e01255cedbd4100cba52a50bacbb633279c9e6854a5ed10a,d7ba504a0c0bc60bc07d031cb864492fb2de39541689b51b04773f8ccbf42f31,5000,1250,,,,
7,1006,ao_per_user_cuda,250,25,0.7616,0.8,19.172760248184204,51.53250589998788,20.0,-10.5,72.2,1.1000000000000085,11607.12109375,169.640625,0.4090909090909091,-2.0,2.2705078125,0.341796875,93.0,14.0,52.0,-3.0,0.0,2.0,0.0263671875,2.0,True,nvidia-smi,NVIDIA GeForce RTX 3050 Ti Laptop GPU,3.0,83.93181818181819,93.0,55.0,88,system-wide (NVML/nvidia-smi),22136.0,C:\Users\satwi\.conda\envs\basic_recommender\python.exe,cuda,2.6.0+cu126,12.6,True,cuda,True,available,a79942cbb454c289e01255cedbd4100cba52a50bacbb633279c9e6854a5ed10a,d7ba504a0c0bc60bc07d031cb864492fb2de39541689b51b04773f8ccbf42f31,5000,1250,0.0,2.0,0.0263671875,2.0
7,1006,per_user_pytorch,250,25,0.6167999999999999,0.6,12.985210180282593,45.53275770001346,22.1,6.400000000000002,73.8,2.200000000000003,11856.015625,350.26953125,9.670886075949367,36.0,3.1982421875,1.26953125,131.0,52.0,52.0,-2.0,16.28662109375,22.0,17.28759765625,22.0,True,nvidia-smi,NVIDIA GeForce RTX 3050 Ti Laptop GPU,41.0,92.21518987341773,131.0,54.0,79,system-wide (NVML/nvidia-smi),27172.0,C:\Users\satwi\.conda\envs\basic_recommender\python.exe,auto,2.6.0+cu126,12.6,True,cuda,True,available,a79942cbb454c289e01255cedbd4100cba52a50bacbb633279c9e6854a5ed10a,d7ba504a0c0bc60bc07d031cb864492fb2de39541689b51b04773f8ccbf42f31,5000,1250,16.28662109375,22.0,17.28759765625,22.0
7,1006,torch_collaborative,250,25,0.8696,,3.9436874389648438,37.45767709999927,21.8,6.200000000000001,74.5,3.0,11978.71484375,482.3515625,2.123076923076923,16.0,3.2470703125,1.318359375,133.0,54.0,53.0,-1.0,17.1865234375,24.0,18.43359375,24.0,True,nvidia-smi,NVIDIA GeForce RTX 3050 Ti Laptop GPU,22.0,84.26153846153846,133.0,54.0,65,system-wide (NVML/nvidia-smi),25288.0,C:\Users\satwi\.conda\envs\basic_recommender\python.exe,auto,2.6.0+cu126,12.6,True,cuda,True,available,a79942cbb454c289e01255cedbd4100cba52a50bacbb633279c9e6854a5ed10a,d7ba504a0c0bc60bc07d031cb864492fb2de39541689b51b04773f8ccbf42f31,5000,1250,17.1865234375,24.0,18.43359375,24.0
7,1006,ao_per_user_cpu,250,100,0.772,0.8,65.2926013469696,99.02005050002481,26.5,-6.5,73.3,2.0999999999999943,11784.48828125,346.8671875,0.0,0.0,0.0,0.0,0.0,0.0,54.0,0.0,,,,,True,nvidia-smi,,0.0,0.0,0.0,56.0,89,system-wide (NVML/nvidia-smi),1800.0,C:\Users\satwi\.conda\envs\basic_recommender\python.exe,cpu,2.6.0+cu126,12.6,True,cpu,True,available,8ae1ac72ced1776e7807feaef8a5f5156d9a9b2c2e5662c19ae281cd88746945,42d7d20d1e1570459d4159f6ac7cbed6bfd47963cc7113df3d17d49126e4b195,20000,5000,,,,
7,1006,ao_per_user_cuda,250,100,0.7537999999999999,0.75,20.060444355010986,54.386467000003904,20.5,-16.4,72.4,0.30000000000001137,11643.21484375,49.890625,0.43956043956043955,-4.0,2.2705078125,0.341796875,93.0,14.0,52.0,-3.0,0.0,2.0,0.37451171875,2.0,True,nvidia-smi,NVIDIA GeForce RTX 3050 Ti Laptop GPU,5.0,83.76923076923077,93.0,55.0,91,system-wide (NVML/nvidia-smi),7464.0,C:\Users\satwi\.conda\envs\basic_recommender\python.exe,cuda,2.6.0+cu126,12.6,True,cuda,True,available,8ae1ac72ced1776e7807feaef8a5f5156d9a9b2c2e5662c19ae281cd88746945,42d7d20d1e1570459d4159f6ac7cbed6bfd47963cc7113df3d17d49126e4b195,20000,5000,0.0,2.0,0.37451171875,2.0
7,1006,per_user_pytorch,250,100,0.6322000000000001,0.65,13.587608814239502,48.46453399999882,23.6,-12.199999999999996,74.1,1.7999999999999972,11904.65234375,286.234375,8.470588235294118,32.0,3.1982421875,1.26953125,131.0,52.0,53.0,-1.0,16.29736328125,22.0,17.3076171875,22.0,True,nvidia-smi,NVIDIA GeForce RTX 3050 Ti Laptop GPU,44.0,91.91764705882353,131.0,55.0,85,system-wide (NVML/nvidia-smi),12820.0,C:\Users\satwi\.conda\envs\basic_recommender\python.exe,auto,2.6.0+cu126,12.6,True,cuda,True,available,8ae1ac72ced1776e7807feaef8a5f5156d9a9b2c2e5662c19ae281cd88746945,42d7d20d1e1570459d4159f6ac7cbed6bfd47963cc7113df3d17d49126e4b195,20000,5000,16.29736328125,22.0,17.3076171875,22.0
7,1006,torch_collaborative,250,100,0.8614,,15.52959656715393,50.811904599977424,20.7,4.399999999999999,74.5,2.5999999999999943,11968.3359375,406.9609375,7.438202247191011,22.0,3.2470703125,1.318359375,133.0,54.0,53.0,-1.0,17.73779296875,24.0,18.998046875,24.0,True,nvidia-smi,NVIDIA GeForce RTX 3050 Ti Laptop GPU,27.0,95.4494382022472,133.0,55.0,89,system-wide (NVML/nvidia-smi),3876.0,C:\Users\satwi\.conda\envs\basic_recommender\python.exe,auto,2.6.0+cu126,12.6,True,cuda,True,available,8ae1ac72ced1776e7807feaef8a5f5156d9a9b2c2e5662c19ae281cd88746945,42d7d20d1e1570459d4159f6ac7cbed6bfd47963cc7113df3d17d49126e4b195,20000,5000,17.73779296875,24.0,18.998046875,24.0
7,1006,ao_per_user_cpu,250,200,0.7632000000000001,0.775,124.46257877349854,160.90524469999946,25.2,9.7,73.8,2.799999999999997,11855.63671875,440.79296875,0.0,0.0,0.0,0.0,0.0,0.0,56.0,2.0,,,,,True,nvidia-smi,,0.0,0.0,0.0,56.0,144,system-wide (NVML/nvidia-smi),18452.0,C:\Users\satwi\.conda\envs\basic_recommender\python.exe,cpu,2.6.0+cu126,12.6,True,cpu,True,available,8c712c0c56c1faac8fea45b584cf52805ac3bdd81cfa64a27ce79af0cd54e4bb,f5fccc477e80154cc0f92027773eddf621855dfcab28b1f6b937ecfb6cb088a9,40000,10000,,,,
7,1006,ao_per_user_cuda,250,200,0.7457,0.75,21.076684713363647,57.130689200013876,20.2,-19.2,72.8,1.0,11696.77734375,159.03125,0.6170212765957447,0.0,2.7587890625,0.830078125,113.0,34.0,52.0,-4.0,0.0,22.0,1.4853515625,22.0,True,nvidia-smi,NVIDIA GeForce RTX 3050 Ti Laptop GPU,2.0,90.57446808510639,113.0,56.0,94,system-wide (NVML/nvidia-smi),25356.0,C:\Users\satwi\.conda\envs\basic_recommender\python.exe,cuda,2.6.0+cu126,12.6,True,cuda,True,available,8c712c0c56c1faac8fea45b584cf52805ac3bdd81cfa64a27ce79af0cd54e4bb,f5fccc477e80154cc0f92027773eddf621855dfcab28b1f6b937ecfb6cb088a9,40000,10000,0.0,22.0,1.4853515625,22.0
7,1006,per_user_pytorch,250,200,0.6376000000000001,0.675,16.366942405700684,52.472646200010786,21.5,-1.0,74.2,2.299999999999997,11931.26171875,377.890625,9.703296703296703,32.0,3.1982421875,1.26953125,131.0,52.0,52.0,-2.0,16.31103515625,22.0,17.3388671875,22.0,True,nvidia-smi,NVIDIA GeForce RTX 3050 Ti Laptop GPU,42.0,94.27472527472527,131.0,54.0,91,system-wide (NVML/nvidia-smi),23900.0,C:\Users\satwi\.conda\envs\basic_recommender\python.exe,auto,2.6.0+cu126,12.6,True,cuda,True,available,8c712c0c56c1faac8fea45b584cf52805ac3bdd81cfa64a27ce79af0cd54e4bb,f5fccc477e80154cc0f92027773eddf621855dfcab28b1f6b937ecfb6cb088a9,40000,10000,16.31103515625,22.0,17.3388671875,22.0
7,1006,torch_collaborative,250,200,0.8303,,31.103906393051147,66.80580980001832,23.7,5.300000000000001,75.2,3.700000000000003,12085.2109375,592.4140625,11.538461538461538,21.0,3.2470703125,1.318359375,133.0,54.0,53.0,-1.0,18.107421875,24.0,19.3857421875,24.0,True,nvidia-smi,NVIDIA GeForce RTX 3050 Ti Laptop GPU,27.0,103.97435897435898,133.0,54.0,117,system-wide (NVML/nvidia-smi),25516.0,C:\Users\satwi\.conda\envs\basic_recommender\python.exe,auto,2.6.0+cu126,12.6,True,cuda,True,available,8c712c0c56c1faac8fea45b584cf52805ac3bdd81cfa64a27ce79af0cd54e4bb,f5fccc477e80154cc0f92027773eddf621855dfcab28b1f6b937ecfb6cb088a9,40000,10000,18.107421875,24.0,19.3857421875,24.0
8,1007,ao_per_user_cpu,250,5,0.74,1.0,23.18172335624695,55.77576039999258,26.2,8.599999999999998,72.5,1.0,11660.2890625,173.41015625,0.0,0.0,0.0,0.0,0.0,0.0,55.0,1.0,,,,,True,nvidia-smi,,0.0,0.0,0.0,55.0,50,system-wide (NVML/nvidia-smi),13164.0,C:\Users\satwi\.conda\envs\basic_recommender\python.exe,cpu,2.6.0+cu126,12.6,True,cpu,True,available,fbb5540e12aed2d4d61c68fecc6b805fd7ef8b802da5fcbd98c1a3082ab73445,163843a8d74db7e5067fcd190ea439209ccdf29df20366ff67063a2a383cc35d,1000,250,,,,
8,1007,ao_per_user_cuda,250,5,0.724,1.0,18.96618938446045,51.817666799994186,21.3,3.900000000000002,71.5,0.09999999999999432,11498.17578125,20.99609375,0.5340909090909091,-4.0,2.2705078125,0.341796875,93.0,14.0,53.0,-2.0,0.0,2.0,0.00390625,2.0,True,nvidia-smi,NVIDIA GeForce RTX 3050 Ti Laptop GPU,5.0,83.93181818181819,93.0,56.0,88,system-wide (NVML/nvidia-smi),21180.0,C:\Users\satwi\.conda\envs\basic_recommender\python.exe,cuda,2.6.0+cu126,12.6,True,cuda,True,available,fbb5540e12aed2d4d61c68fecc6b805fd7ef8b802da5fcbd98c1a3082ab73445,163843a8d74db7e5067fcd190ea439209ccdf29df20366ff67063a2a383cc35d,1000,250,0.0,2.0,0.00390625,2.0
8,1007,per_user_pytorch,250,5,0.576,1.0,12.511035680770874,44.97158139999374,21.9,6.699999999999999,72.5,1.5,11659.1640625,246.73046875,8.481012658227849,32.0,3.1982421875,1.26953125,131.0,52.0,52.0,-2.0,16.28369140625,22.0,17.28466796875,22.0,True,nvidia-smi,NVIDIA GeForce RTX 3050 Ti Laptop GPU,37.0,92.21518987341773,131.0,55.0,79,system-wide (NVML/nvidia-smi),7000.0,C:\Users\satwi\.conda\envs\basic_recommender\python.exe,auto,2.6.0+cu126,12.6,True,cuda,True,available,fbb5540e12aed2d4d61c68fecc6b805fd7ef8b802da5fcbd98c1a3082ab73445,163843a8d74db7e5067fcd190ea439209ccdf29df20366ff67063a2a383cc35d,1000,250,16.28369140625,22.0,17.28466796875,22.0
8,1007,torch_collaborative,250,5,0.736,,0.922736406326294,33.75939199997811,21.0,4.600000000000001,73.6,3.1999999999999886,11824.671875,514.50390625,0.3050847457627119,3.0,3.1982421875,1.26953125,131.0,52.0,52.0,-2.0,16.828125,22.0,18.0576171875,22.0,True,nvidia-smi,NVIDIA GeForce RTX 3050 Ti Laptop GPU,6.0,80.83050847457628,131.0,54.0,59,system-wide (NVML/nvidia-smi),19772.0,C:\Users\satwi\.conda\envs\basic_recommender\python.exe,auto,2.6.0+cu126,12.6,True,cuda,True,available,fbb5540e12aed2d4d61c68fecc6b805fd7ef8b802da5fcbd98c1a3082ab73445,163843a8d74db7e5067fcd190ea439209ccdf29df20366ff67063a2a383cc35d,1000,250,16.828125,22.0,18.0576171875,22.0
8,1007,ao_per_user_cpu,250,10,0.724,1.0,25.102529048919678,57.50128769999719,26.3,9.7,71.8,1.5999999999999943,11536.50390625,248.58984375,0.0,0.0,0.0,0.0,0.0,0.0,55.0,1.0,,,,,True,nvidia-smi,,0.0,0.0,0.0,55.0,52,system-wide (NVML/nvidia-smi),18712.0,C:\Users\satwi\.conda\envs\basic_recommender\python.exe,cpu,2.6.0+cu126,12.6,True,cpu,True,available,ea8951378b640c7ebadf1b99403fb5f0c2cc1160c27fb58c82fab75ba0768737,168ef498be032ad0a71625f18a09e87feead307eb24ab790d9de13a06b4fe449,2000,500,,,,
8,1007,ao_per_user_cuda,250,10,0.7,1.0,19.167024850845337,50.67579070001375,19.5,-6.0,71.5,0.7000000000000028,11487.16796875,109.00390625,0.42528735632183906,-2.0,2.2705078125,0.341796875,93.0,14.0,52.0,-3.0,0.0,2.0,0.00634765625,2.0,True,nvidia-smi,NVIDIA GeForce RTX 3050 Ti Laptop GPU,3.0,84.14942528735632,93.0,56.0,87,system-wide (NVML/nvidia-smi),22096.0,C:\Users\satwi\.conda\envs\basic_recommender\python.exe,cuda,2.6.0+cu126,12.6,True,cuda,True,available,ea8951378b640c7ebadf1b99403fb5f0c2cc1160c27fb58c82fab75ba0768737,168ef498be032ad0a71625f18a09e87feead307eb24ab790d9de13a06b4fe449,2000,500,0.0,2.0,0.00634765625,2.0
8,1007,per_user_pytorch,250,10,0.598,0.5,12.817970037460327,45.286785700009204,23.1,7.700000000000001,73.2,2.4000000000000057,11772.5078125,389.734375,9.0625,28.0,3.1982421875,1.26953125,131.0,52.0,52.0,-2.0,16.2841796875,22.0,17.28515625,22.0,True,nvidia-smi,NVIDIA GeForce RTX 3050 Ti Laptop GPU,38.0,92.7,131.0,54.0,80,system-wide (NVML/nvidia-smi),1968.0,C:\Users\satwi\.conda\envs\basic_recommender\python.exe,auto,2.6.0+cu126,12.6,True,cuda,True,available,ea8951378b640c7ebadf1b99403fb5f0c2cc1160c27fb58c82fab75ba0768737,168ef498be032ad0a71625f18a09e87feead307eb24ab790d9de13a06b4fe449,2000,500,16.2841796875,22.0,17.28515625,22.0
8,1007,torch_collaborative,250,10,0.784,,1.679650068283081,35.06637360001332,21.5,4.600000000000001,73.3,2.3999999999999915,11783.296875,381.4609375,0.7540983606557377,15.0,3.2470703125,1.318359375,133.0,54.0,53.0,-1.0,16.9482421875,24.0,18.1826171875,24.0,True,nvidia-smi,NVIDIA GeForce RTX 3050 Ti Laptop GPU,20.0,81.0,131.0,54.0,61,system-wide (NVML/nvidia-smi),21364.0,C:\Users\satwi\.conda\envs\basic_recommender\python.exe,auto,2.6.0+cu126,12.6,True,cuda,True,available,ea8951378b640c7ebadf1b99403fb5f0c2cc1160c27fb58c82fab75ba0768737,168ef498be032ad0a71625f18a09e87feead307eb24ab790d9de13a06b4fe449,2000,500,16.9482421875,24.0,18.1826171875,24.0
8,1007,ao_per_user_cpu,250,25,0.7904,0.8,31.412723064422607,64.43281430000206,27.0,10.399999999999999,71.9,2.0,11565.9765625,322.984375,0.0,0.0,0.0,0.0,0.0,0.0,55.0,1.0,,,,,True,nvidia-smi,,0.0,0.0,0.0,55.0,58,system-wide (NVML/nvidia-smi),27780.0,C:\Users\satwi\.conda\envs\basic_recommender\python.exe,cpu,2.6.0+cu126,12.6,True,cpu,True,available,693279bb8f8eaa785b6f0aea25c6728236ddfa924051aceaab518802530876df,c40cc1614dba7dfeae1e6a486174a0886e92bbfa485d0850a3afc5f96d390b79,5000,1250,,,,
8,1007,ao_per_user_cuda,250,25,0.7648,0.8,19.21115469932556,51.642780900001526,19.9,-16.300000000000004,71.1,0.29999999999999716,11434.4296875,57.8828125,0.45454545454545453,-4.0,2.2705078125,0.341796875,93.0,14.0,52.0,-3.0,0.0,2.0,0.0263671875,2.0,True,nvidia-smi,NVIDIA GeForce RTX 3050 Ti Laptop GPU,5.0,83.93181818181819,93.0,55.0,88,system-wide (NVML/nvidia-smi),25396.0,C:\Users\satwi\.conda\envs\basic_recommender\python.exe,cuda,2.6.0+cu126,12.6,True,cuda,True,available,693279bb8f8eaa785b6f0aea25c6728236ddfa924051aceaab518802530876df,c40cc1614dba7dfeae1e6a486174a0886e92bbfa485d0850a3afc5f96d390b79,5000,1250,0.0,2.0,0.0263671875,2.0
8,1007,per_user_pytorch,250,25,0.632,0.6,11.934212923049927,44.74244590001763,23.2,6.300000000000001,73.0,2.5999999999999943,11741.89453125,426.34765625,8.4125,27.0,3.1982421875,1.26953125,131.0,52.0,53.0,-1.0,16.28662109375,22.0,17.28759765625,22.0,True,nvidia-smi,NVIDIA GeForce RTX 3050 Ti Laptop GPU,41.0,91.4,131.0,54.0,80,system-wide (NVML/nvidia-smi),19012.0,C:\Users\satwi\.conda\envs\basic_recommender\python.exe,auto,2.6.0+cu126,12.6,True,cuda,True,available,693279bb8f8eaa785b6f0aea25c6728236ddfa924051aceaab518802530876df,c40cc1614dba7dfeae1e6a486174a0886e92bbfa485d0850a3afc5f96d390b79,5000,1250,16.28662109375,22.0,17.28759765625,22.0
8,1007,torch_collaborative,250,25,0.872,,3.862234354019165,36.7408415999962,20.9,2.5,73.4,2.6000000000000085,11792.703125,412.37109375,1.8153846153846154,18.0,3.2470703125,1.318359375,133.0,54.0,52.0,-2.0,17.1904296875,24.0,18.4375,24.0,True,nvidia-smi,NVIDIA GeForce RTX 3050 Ti Laptop GPU,22.0,84.26153846153846,133.0,54.0,65,system-wide (NVML/nvidia-smi),1900.0,C:\Users\satwi\.conda\envs\basic_recommender\python.exe,auto,2.6.0+cu126,12.6,True,cuda,True,available,693279bb8f8eaa785b6f0aea25c6728236ddfa924051aceaab518802530876df,c40cc1614dba7dfeae1e6a486174a0886e92bbfa485d0850a3afc5f96d390b79,5000,1250,17.1904296875,24.0,18.4375,24.0
8,1007,ao_per_user_cpu,250,100,0.7787999999999999,0.8,65.14834642410278,99.709655499988,26.8,-13.499999999999996,72.7,2.299999999999997,11681.24609375,371.67578125,0.021739130434782608,0.0,0.0,0.0,0.0,0.0,55.0,1.0,,,,,True,nvidia-smi,,1.0,0.06521739130434782,6.0,56.0,92,system-wide (NVML/nvidia-smi),22296.0,C:\Users\satwi\.conda\envs\basic_recommender\python.exe,cpu,2.6.0+cu126,12.6,True,cpu,True,available,1593a36ec112fb6f16f5a2094a136cd1bf94dcf15701814ab5e21d3cc4d7bbd7,edb718de2e8e517ff5dce0f55c7b09b8e531331c79844eb42f2f2e4718a63abe,20000,5000,,,,
8,1007,ao_per_user_cuda,250,100,0.7494,0.75,20.092679262161255,54.06436369998846,20.5,1.6000000000000014,71.9,0.7000000000000028,11551.75,103.70703125,0.3956043956043956,-2.0,2.2705078125,0.341796875,93.0,14.0,52.0,-3.0,0.0,2.0,0.37451171875,2.0,True,nvidia-smi,NVIDIA GeForce RTX 3050 Ti Laptop GPU,3.0,83.76923076923077,93.0,56.0,91,system-wide (NVML/nvidia-smi),15080.0,C:\Users\satwi\.conda\envs\basic_recommender\python.exe,cuda,2.6.0+cu126,12.6,True,cuda,True,available,1593a36ec112fb6f16f5a2094a136cd1bf94dcf15701814ab5e21d3cc4d7bbd7,edb718de2e8e517ff5dce0f55c7b09b8e531331c79844eb42f2f2e4718a63abe,20000,5000,0.0,2.0,0.37451171875,2.0
8,1007,per_user_pytorch,250,100,0.643,0.65,14.92085599899292,49.26958950000699,23.6,-11.899999999999999,74.0,3.0,11902.10546875,487.0078125,10.023255813953488,32.0,3.1982421875,1.26953125,131.0,52.0,53.0,-1.0,16.29736328125,22.0,17.3076171875,22.0,True,nvidia-smi,NVIDIA GeForce RTX 3050 Ti Laptop GPU,44.0,93.55813953488372,131.0,54.0,86,system-wide (NVML/nvidia-smi),16536.0,C:\Users\satwi\.conda\envs\basic_recommender\python.exe,auto,2.6.0+cu126,12.6,True,cuda,True,available,1593a36ec112fb6f16f5a2094a136cd1bf94dcf15701814ab5e21d3cc4d7bbd7,edb718de2e8e517ff5dce0f55c7b09b8e531331c79844eb42f2f2e4718a63abe,20000,5000,16.29736328125,22.0,17.3076171875,22.0
8,1007,torch_collaborative,250,100,0.8682,,15.564834833145142,49.891362900001695,21.6,2.8000000000000007,74.6,2.8999999999999915,11996.9375,467.91015625,7.6022727272727275,23.0,3.2470703125,1.318359375,133.0,54.0,53.0,-1.0,17.69873046875,24.0,18.958984375,24.0,True,nvidia-smi,NVIDIA GeForce RTX 3050 Ti Laptop GPU,27.0,95.63636363636364,133.0,55.0,88,system-wide (NVML/nvidia-smi),14384.0,C:\Users\satwi\.conda\envs\basic_recommender\python.exe,auto,2.6.0+cu126,12.6,True,cuda,True,available,1593a36ec112fb6f16f5a2094a136cd1bf94dcf15701814ab5e21d3cc4d7bbd7,edb718de2e8e517ff5dce0f55c7b09b8e531331c79844eb42f2f2e4718a63abe,20000,5000,17.69873046875,24.0,18.958984375,24.0
8,1007,ao_per_user_cpu,250,200,0.7782,0.8,125.10700130462646,161.53987760000746,26.0,8.899999999999999,74.5,3.4000000000000057,11973.7265625,546.91015625,0.0,0.0,0.0,0.0,0.0,0.0,56.0,2.0,,,,,True,nvidia-smi,,0.0,0.0,0.0,56.0,146,system-wide (NVML/nvidia-smi),19464.0,C:\Users\satwi\.conda\envs\basic_recommender\python.exe,cpu,2.6.0+cu126,12.6,True,cpu,True,available,6a6cae02ab2eec771f77440ad8e473fd8037b87587f06b1d459837ebda09c0c9,c414048a58734598e26652c7df1a2d458046c31118456593254e005dfa80704b,40000,10000,,,,
8,1007,ao_per_user_cuda,250,200,0.7501,0.75,21.87951159477234,57.53279929998098,20.4,-1.8000000000000007,72.8,0.0,11696.84375,-10.51171875,0.6631578947368421,-3.0,2.7587890625,0.830078125,113.0,34.0,53.0,-3.0,0.0,22.0,1.4853515625,22.0,True,nvidia-smi,NVIDIA GeForce RTX 3050 Ti Laptop GPU,6.0,90.83157894736843,113.0,56.0,95,system-wide (NVML/nvidia-smi),26852.0,C:\Users\satwi\.conda\envs\basic_recommender\python.exe,cuda,2.6.0+cu126,12.6,True,cuda,True,available,6a6cae02ab2eec771f77440ad8e473fd8037b87587f06b1d459837ebda09c0c9,c414048a58734598e26652c7df1a2d458046c31118456593254e005dfa80704b,40000,10000,0.0,22.0,1.4853515625,22.0
8,1007,per_user_pytorch,250,200,0.6506000000000001,0.675,16.81370496749878,53.43517229999998,24.6,-9.5,74.9,3.0,12034.94921875,471.1328125,9.956989247311828,32.0,3.1982421875,1.26953125,131.0,52.0,53.0,-1.0,16.31103515625,22.0,17.3388671875,22.0,True,nvidia-smi,NVIDIA GeForce RTX 3050 Ti Laptop GPU,41.0,93.60215053763442,131.0,55.0,93,system-wide (NVML/nvidia-smi),11720.0,C:\Users\satwi\.conda\envs\basic_recommender\python.exe,auto,2.6.0+cu126,12.6,True,cuda,True,available,6a6cae02ab2eec771f77440ad8e473fd8037b87587f06b1d459837ebda09c0c9,c414048a58734598e26652c7df1a2d458046c31118456593254e005dfa80704b,40000,10000,16.31103515625,22.0,17.3388671875,22.0
8,1007,torch_collaborative,250,200,0.8327,,31.599835872650146,66.81416089998675,24.6,9.8,75.8,3.5,12177.68359375,559.04296875,11.974576271186441,23.0,3.2470703125,1.318359375,133.0,54.0,53.0,-1.0,18.056640625,24.0,19.3349609375,24.0,True,nvidia-smi,NVIDIA GeForce RTX 3050 Ti Laptop GPU,27.0,104.66101694915254,133.0,55.0,118,system-wide (NVML/nvidia-smi),11136.0,C:\Users\satwi\.conda\envs\basic_recommender\python.exe,auto,2.6.0+cu126,12.6,True,cuda,True,available,6a6cae02ab2eec771f77440ad8e473fd8037b87587f06b1d459837ebda09c0c9,c414048a58734598e26652c7df1a2d458046c31118456593254e005dfa80704b,40000,10000,18.056640625,24.0,19.3349609375,24.0
9,1008,ao_per_user_cpu,250,5,0.728,1.0,23.949028968811035,56.88775940000778,27.9,10.0,73.3,1.3999999999999915,11778.44921875,213.2109375,0.0,0.0,0.0,0.0,0.0,0.0,55.0,1.0,,,,,True,nvidia-smi,,0.0,0.0,0.0,55.0,50,system-wide (NVML/nvidia-smi),2604.0,C:\Users\satwi\.conda\envs\basic_recommender\python.exe,cpu,2.6.0+cu126,12.6,True,cpu,True,available,46b8fc1afaced78900891ad1e452745a9ee36fe6c69800fa7cd81ce11f95cb18,7c24012972949c2581b2f1de634e66130b8ab838c640a056b86c1f4138ed091b,1000,250,,,,
9,1008,ao_per_user_cuda,250,5,0.732,1.0,19.106294870376587,51.02858959999867,20.1,4.400000000000002,72.7,0.5,11690.74609375,87.71875,0.4482758620689655,-4.0,2.2705078125,0.341796875,93.0,14.0,52.0,-3.0,0.0,2.0,0.00390625,2.0,True,nvidia-smi,NVIDIA GeForce RTX 3050 Ti Laptop GPU,5.0,83.98850574712644,93.0,55.0,87,system-wide (NVML/nvidia-smi),24556.0,C:\Users\satwi\.conda\envs\basic_recommender\python.exe,cuda,2.6.0+cu126,12.6,True,cuda,True,available,46b8fc1afaced78900891ad1e452745a9ee36fe6c69800fa7cd81ce11f95cb18,7c24012972949c2581b2f1de634e66130b8ab838c640a056b86c1f4138ed091b,1000,250,0.0,2.0,0.00390625,2.0
9,1008,per_user_pytorch,250,5,0.552,1.0,13.035494804382324,44.90307339999708,22.3,7.200000000000001,73.9,1.8000000000000114,11871.86328125,285.5,8.26923076923077,34.0,3.1982421875,1.26953125,131.0,52.0,52.0,-1.0,16.28369140625,22.0,17.28466796875,22.0,True,nvidia-smi,NVIDIA GeForce RTX 3050 Ti Laptop GPU,37.0,92.82051282051282,131.0,54.0,78,system-wide (NVML/nvidia-smi),17292.0,C:\Users\satwi\.conda\envs\basic_recommender\python.exe,auto,2.6.0+cu126,12.6,True,cuda,True,available,46b8fc1afaced78900891ad1e452745a9ee36fe6c69800fa7cd81ce11f95cb18,7c24012972949c2581b2f1de634e66130b8ab838c640a056b86c1f4138ed091b,1000,250,16.28369140625,22.0,17.28466796875,22.0
9,1008,torch_collaborative,250,5,0.676,,0.9271783828735352,34.51924599998165,21.1,5.0,74.7,3.200000000000003,12008.17578125,512.0703125,0.3442622950819672,12.0,3.1982421875,1.26953125,131.0,52.0,52.0,-2.0,16.837890625,22.0,18.0673828125,22.0,True,nvidia-smi,NVIDIA GeForce RTX 3050 Ti Laptop GPU,15.0,80.77049180327869,131.0,54.0,61,system-wide (NVML/nvidia-smi),14576.0,C:\Users\satwi\.conda\envs\basic_recommender\python.exe,auto,2.6.0+cu126,12.6,True,cuda,True,available,46b8fc1afaced78900891ad1e452745a9ee36fe6c69800fa7cd81ce11f95cb18,7c24012972949c2581b2f1de634e66130b8ab838c640a056b86c1f4138ed091b,1000,250,16.837890625,22.0,18.0673828125,22.0
9,1008,ao_per_user_cpu,250,10,0.76,1.0,25.711383819580078,58.52839049999602,27.2,12.5,72.9,1.5,11726.54296875,240.98046875,0.0,0.0,0.0,0.0,0.0,0.0,55.0,2.0,,,,,True,nvidia-smi,,0.0,0.0,0.0,55.0,52,system-wide (NVML/nvidia-smi),23672.0,C:\Users\satwi\.conda\envs\basic_recommender\python.exe,cpu,2.6.0+cu126,12.6,True,cpu,True,available,4c727b64142aba1c5d4b557eda10e9a0b1dd29de4bea2af82e98b45e809ee5d9,5cf23971bb4cfc734a05dbd6159843c63dfaa99b470c86df9f0539c8397d616e,2000,500,,,,
9,1008,ao_per_user_cuda,250,10,0.74,1.0,18.938638925552368,51.50977060000878,21.0,4.5,72.2,0.29999999999999716,11610.49609375,47.234375,0.4090909090909091,-2.0,2.2705078125,0.341796875,93.0,14.0,52.0,-2.0,0.0,2.0,0.00634765625,2.0,True,nvidia-smi,NVIDIA GeForce RTX 3050 Ti Laptop GPU,3.0,83.93181818181819,93.0,55.0,88,system-wide (NVML/nvidia-smi),27756.0,C:\Users\satwi\.conda\envs\basic_recommender\python.exe,cuda,2.6.0+cu126,12.6,True,cuda,True,available,4c727b64142aba1c5d4b557eda10e9a0b1dd29de4bea2af82e98b45e809ee5d9,5cf23971bb4cfc734a05dbd6159843c63dfaa99b470c86df9f0539c8397d616e,2000,500,0.0,2.0,0.00634765625,2.0
9,1008,per_user_pytorch,250,10,0.564,0.5,10.591831684112549,43.23709079998662,22.7,3.8000000000000007,74.2,2.700000000000003,11926.48828125,434.1796875,7.473684210526316,33.0,3.1982421875,1.26953125,131.0,52.0,52.0,-1.0,16.2841796875,22.0,17.28515625,22.0,True,nvidia-smi,NVIDIA GeForce RTX 3050 Ti Laptop GPU,40.0,90.44736842105263,131.0,54.0,76,system-wide (NVML/nvidia-smi),1404.0,C:\Users\satwi\.conda\envs\basic_recommender\python.exe,auto,2.6.0+cu126,12.6,True,cuda,True,available,4c727b64142aba1c5d4b557eda10e9a0b1dd29de4bea2af82e98b45e809ee5d9,5cf23971bb4cfc734a05dbd6159843c63dfaa99b470c86df9f0539c8397d616e,2000,500,16.2841796875,22.0,17.28515625,22.0
9,1008,torch_collaborative,250,10,0.816,,1.6368672847747803,34.769620699982625,22.2,5.199999999999999,75.0,3.0,12050.71484375,474.67578125,0.4426229508196721,18.0,3.2470703125,1.318359375,133.0,54.0,52.0,-1.0,16.9658203125,24.0,18.2001953125,24.0,True,nvidia-smi,NVIDIA GeForce RTX 3050 Ti Laptop GPU,21.0,80.80327868852459,131.0,54.0,61,system-wide (NVML/nvidia-smi),27012.0,C:\Users\satwi\.conda\envs\basic_recommender\python.exe,auto,2.6.0+cu126,12.6,True,cuda,True,available,4c727b64142aba1c5d4b557eda10e9a0b1dd29de4bea2af82e98b45e809ee5d9,5cf23971bb4cfc734a05dbd6159843c63dfaa99b470c86df9f0539c8397d616e,2000,500,16.9658203125,24.0,18.2001953125,24.0
9,1008,ao_per_user_cpu,250,25,0.7712,0.8,31.094455242156982,64.04616910000914,27.6,11.700000000000001,74.1,2.5999999999999943,11910.234375,409.390625,0.0,0.0,0.0,0.0,0.0,0.0,55.0,2.0,,,,,True,nvidia-smi,,0.0,0.0,0.0,55.0,58,system-wide (NVML/nvidia-smi),21984.0,C:\Users\satwi\.conda\envs\basic_recommender\python.exe,cpu,2.6.0+cu126,12.6,True,cpu,True,available,b2fb2c58c963be3e88cd69851e415f998368a4a4cd06b76459d1fb201779edf7,bb9d6c1ad4d17e70f73b87b86cdf18d6231e545a9d604a5c3849a59f210d2c44,5000,1250,,,,
9,1008,ao_per_user_cuda,250,25,0.748,0.8,19.485809326171875,52.61514710000483,21.6,6.400000000000002,73.0,0.09999999999999432,11741.44921875,29.984375,0.4,-2.0,2.2705078125,0.341796875,93.0,14.0,52.0,-3.0,0.0,2.0,0.0263671875,2.0,True,nvidia-smi,NVIDIA GeForce RTX 3050 Ti Laptop GPU,3.0,83.97777777777777,93.0,55.0,90,system-wide (NVML/nvidia-smi),28144.0,C:\Users\satwi\.conda\envs\basic_recommender\python.exe,cuda,2.6.0+cu126,12.6,True,cuda,True,available,b2fb2c58c963be3e88cd69851e415f998368a4a4cd06b76459d1fb201779edf7,bb9d6c1ad4d17e70f73b87b86cdf18d6231e545a9d604a5c3849a59f210d2c44,5000,1250,0.0,2.0,0.0263671875,2.0
9,1008,per_user_pytorch,250,25,0.5912000000000001,0.6,13.185640335083008,45.36388719998649,22.4,-6.100000000000001,74.3,2.0,11946.30078125,325.0078125,9.725,34.0,3.1982421875,1.26953125,131.0,52.0,52.0,-1.0,16.28662109375,22.0,17.28759765625,22.0,True,nvidia-smi,NVIDIA GeForce RTX 3050 Ti Laptop GPU,42.0,92.7,131.0,54.0,80,system-wide (NVML/nvidia-smi),10744.0,C:\Users\satwi\.conda\envs\basic_recommender\python.exe,auto,2.6.0+cu126,12.6,True,cuda,True,available,b2fb2c58c963be3e88cd69851e415f998368a4a4cd06b76459d1fb201779edf7,bb9d6c1ad4d17e70f73b87b86cdf18d6231e545a9d604a5c3849a59f210d2c44,5000,1250,16.28662109375,22.0,17.28759765625,22.0
9,1008,torch_collaborative,250,25,0.8376,,3.8575310707092285,37.47198680002475,21.7,6.5,75.0,2.5999999999999943,12053.80078125,411.87109375,1.7575757575757576,19.0,3.2470703125,1.318359375,133.0,54.0,52.0,-1.0,17.1845703125,24.0,18.431640625,24.0,True,nvidia-smi,NVIDIA GeForce RTX 3050 Ti Laptop GPU,23.0,84.0,133.0,54.0,66,system-wide (NVML/nvidia-smi),25756.0,C:\Users\satwi\.conda\envs\basic_recommender\python.exe,auto,2.6.0+cu126,12.6,True,cuda,True,available,b2fb2c58c963be3e88cd69851e415f998368a4a4cd06b76459d1fb201779edf7,bb9d6c1ad4d17e70f73b87b86cdf18d6231e545a9d604a5c3849a59f210d2c44,5000,1250,17.1845703125,24.0,18.431640625,24.0
9,1008,ao_per_user_cpu,250,100,0.7832,0.8,63.93693542480469,98.37449879999622,25.9,10.7,73.4,1.6000000000000085,11792.2109375,248.2734375,0.0,0.0,0.0,0.0,0.0,0.0,55.0,2.0,,,,,True,nvidia-smi,,0.0,0.0,0.0,55.0,88,system-wide (NVML/nvidia-smi),11016.0,C:\Users\satwi\.conda\envs\basic_recommender\python.exe,cpu,2.6.0+cu126,12.6,True,cpu,True,available,176fa069388442c2f251dabcd43356e85f385978f77576578d4d8e01272b4b46,6ed7d49eede3116dbe60bdac46134fab0ba6bd771a4a8b0d60f5058f13f056ec,20000,5000,,,,
9,1008,ao_per_user_cuda,250,100,0.7596,0.75,20.342594385147095,55.19250909998664,21.2,3.0,72.7,0.7000000000000028,11685.68359375,107.125,0.4782608695652174,-4.0,2.2705078125,0.341796875,93.0,14.0,52.0,-3.0,0.0,2.0,0.37451171875,2.0,True,nvidia-smi,NVIDIA GeForce RTX 3050 Ti Laptop GPU,5.0,83.71739130434783,93.0,55.0,92,system-wide (NVML/nvidia-smi),684.0,C:\Users\satwi\.conda\envs\basic_recommender\python.exe,cuda,2.6.0+cu126,12.6,True,cuda,True,available,176fa069388442c2f251dabcd43356e85f385978f77576578d4d8e01272b4b46,6ed7d49eede3116dbe60bdac46134fab0ba6bd771a4a8b0d60f5058f13f056ec,20000,5000,0.0,2.0,0.37451171875,2.0
9,1008,per_user_pytorch,250,100,0.6156,0.65,14.372458696365356,48.67735350001021,22.9,7.099999999999998,74.2,2.5,11929.44140625,407.7734375,9.435294117647059,32.0,3.1982421875,1.26953125,131.0,52.0,52.0,-2.0,16.29736328125,22.0,17.3076171875,22.0,True,nvidia-smi,NVIDIA GeForce RTX 3050 Ti Laptop GPU,44.0,93.11764705882354,131.0,54.0,85,system-wide (NVML/nvidia-smi),18816.0,C:\Users\satwi\.conda\envs\basic_recommender\python.exe,auto,2.6.0+cu126,12.6,True,cuda,True,available,176fa069388442c2f251dabcd43356e85f385978f77576578d4d8e01272b4b46,6ed7d49eede3116dbe60bdac46134fab0ba6bd771a4a8b0d60f5058f13f056ec,20000,5000,16.29736328125,22.0,17.3076171875,22.0
9,1008,torch_collaborative,250,100,0.8734,,15.732897281646729,50.0071379999863,21.7,3.8000000000000007,75.0,3.0,12058.59765625,490.76953125,7.693181818181818,19.0,3.2470703125,1.318359375,133.0,54.0,52.0,-1.0,17.70849609375,24.0,18.96875,24.0,True,nvidia-smi,NVIDIA GeForce RTX 3050 Ti Laptop GPU,27.0,96.22727272727273,133.0,54.0,88,system-wide (NVML/nvidia-smi),22352.0,C:\Users\satwi\.conda\envs\basic_recommender\python.exe,auto,2.6.0+cu126,12.6,True,cuda,True,available,176fa069388442c2f251dabcd43356e85f385978f77576578d4d8e01272b4b46,6ed7d49eede3116dbe60bdac46134fab0ba6bd771a4a8b0d60f5058f13f056ec,20000,5000,17.70849609375,24.0,18.96875,24.0
9,1008,ao_per_user_cpu,250,200,0.7617,0.775,122.85044765472412,158.42217730000266,25.2,9.0,73.1,1.6999999999999886,11755.82421875,279.98046875,0.0,0.0,0.0,0.0,0.0,0.0,56.0,3.0,,,,,True,nvidia-smi,,0.0,0.0,0.0,56.0,140,system-wide (NVML/nvidia-smi),26588.0,C:\Users\satwi\.conda\envs\basic_recommender\python.exe,cpu,2.6.0+cu126,12.6,True,cpu,True,available,5493e4f1511e18a47859d0ca3beff3f6fa20c04790ad532a14d6eb6d7a22e01c,0d39e3ab9631887f4a061dd22e7fb8c4b6a9197d6061a3fc1d018155a52edbf2,40000,10000,,,,
9,1008,ao_per_user_cuda,250,200,0.7417999999999999,0.75,21.26586937904358,57.1563200999808,19.3,-4.800000000000001,72.8,0.7999999999999972,11709.4296875,128.53125,0.5263157894736842,-1.0,2.7587890625,0.830078125,113.0,34.0,52.0,-3.0,0.0,22.0,1.4853515625,22.0,True,nvidia-smi,NVIDIA GeForce RTX 3050 Ti Laptop GPU,3.0,90.81052631578947,113.0,56.0,95,system-wide (NVML/nvidia-smi),20044.0,C:\Users\satwi\.conda\envs\basic_recommender\python.exe,cuda,2.6.0+cu126,12.6,True,cuda,True,available,5493e4f1511e18a47859d0ca3beff3f6fa20c04790ad532a14d6eb6d7a22e01c,0d39e3ab9631887f4a061dd22e7fb8c4b6a9197d6061a3fc1d018155a52edbf2,40000,10000,0.0,22.0,1.4853515625,22.0
9,1008,per_user_pytorch,250,200,0.6251,0.65,16.155494213104248,51.82309550000355,21.6,-7.099999999999998,74.4,2.5,11962.3203125,407.40234375,10.219780219780219,36.0,3.1982421875,1.26953125,131.0,52.0,52.0,-2.0,16.31103515625,22.0,17.3388671875,22.0,True,nvidia-smi,NVIDIA GeForce RTX 3050 Ti Laptop GPU,46.0,94.38461538461539,131.0,54.0,91,system-wide (NVML/nvidia-smi),20368.0,C:\Users\satwi\.conda\envs\basic_recommender\python.exe,auto,2.6.0+cu126,12.6,True,cuda,True,available,5493e4f1511e18a47859d0ca3beff3f6fa20c04790ad532a14d6eb6d7a22e01c,0d39e3ab9631887f4a061dd22e7fb8c4b6a9197d6061a3fc1d018155a52edbf2,40000,10000,16.31103515625,22.0,17.3388671875,22.0
9,1008,torch_collaborative,250,200,0.8336,,31.599048376083374,67.12995630002115,24.6,7.600000000000001,75.3,3.3999999999999915,12103.578125,546.55078125,11.822033898305085,19.0,3.2470703125,1.318359375,133.0,54.0,52.0,-1.0,18.119140625,24.0,19.3974609375,24.0,True,nvidia-smi,NVIDIA GeForce RTX 3050 Ti Laptop GPU,27.0,104.66101694915254,133.0,54.0,118,system-wide (NVML/nvidia-smi),8028.0,C:\Users\satwi\.conda\envs\basic_recommender\python.exe,auto,2.6.0+cu126,12.6,True,cuda,True,available,5493e4f1511e18a47859d0ca3beff3f6fa20c04790ad532a14d6eb6d7a22e01c,0d39e3ab9631887f4a061dd22e7fb8c4b6a9197d6061a3fc1d018155a52edbf2,40000,10000,18.119140625,24.0,19.3974609375,24.0
10,1009,ao_per_user_cpu,250,5,0.704,1.0,23.44127869606018,55.255264099978376,26.6,9.0,72.9,1.4000000000000057,11723.2109375,233.33984375,0.0,0.0,0.0,0.0,0.0,0.0,55.0,2.0,,,,,True,nvidia-smi,,0.0,0.0,0.0,55.0,49,system-wide (NVML/nvidia-smi),11616.0,C:\Users\satwi\.conda\envs\basic_recommender\python.exe,cpu,2.6.0+cu126,12.6,True,cpu,True,available,fe0afcced72ca7aeeeb40b4eb696249e6e21f4db15863f45e59e175cfa6ada06,e79afdb9f4e87524c350b21987b3e7924fb899e9b9bbf472091d66d2d874a33e,1000,250,,,,
10,1009,ao_per_user_cuda,250,5,0.716,1.0,19.122358798980713,50.862582600006135,20.5,4.300000000000001,72.8,1.0,11695.46875,146.515625,0.5172413793103449,-2.0,2.2705078125,0.341796875,93.0,14.0,52.0,-3.0,0.0,2.0,0.00390625,2.0,True,nvidia-smi,NVIDIA GeForce RTX 3050 Ti Laptop GPU,5.0,83.98850574712644,93.0,55.0,87,system-wide (NVML/nvidia-smi),19844.0,C:\Users\satwi\.conda\envs\basic_recommender\python.exe,cuda,2.6.0+cu126,12.6,True,cuda,True,available,fe0afcced72ca7aeeeb40b4eb696249e6e21f4db15863f45e59e175cfa6ada06,e79afdb9f4e87524c350b21987b3e7924fb899e9b9bbf472091d66d2d874a33e,1000,250,0.0,2.0,0.00390625,2.0
10,1009,per_user_pytorch,250,5,0.544,1.0,13.079955816268921,45.09058519999962,21.5,5.5,74.5,2.5999999999999943,11976.23046875,410.3671875,8.481012658227849,35.0,3.1982421875,1.26953125,131.0,52.0,52.0,-1.0,16.28369140625,22.0,17.28466796875,22.0,True,nvidia-smi,NVIDIA GeForce RTX 3050 Ti Laptop GPU,37.0,92.87341772151899,131.0,54.0,79,system-wide (NVML/nvidia-smi),14368.0,C:\Users\satwi\.conda\envs\basic_recommender\python.exe,auto,2.6.0+cu126,12.6,True,cuda,True,available,fe0afcced72ca7aeeeb40b4eb696249e6e21f4db15863f45e59e175cfa6ada06,e79afdb9f4e87524c350b21987b3e7924fb899e9b9bbf472091d66d2d874a33e,1000,250,16.28369140625,22.0,17.28466796875,22.0
10,1009,torch_collaborative,250,5,0.696,,0.932328462600708,34.47217530000489,20.7,5.6,74.8,2.700000000000003,12023.44921875,434.65234375,0.39344262295081966,15.0,3.2470703125,1.318359375,133.0,54.0,52.0,-1.0,16.853515625,24.0,18.0830078125,24.0,True,nvidia-smi,NVIDIA GeForce RTX 3050 Ti Laptop GPU,18.0,80.77049180327869,131.0,54.0,61,system-wide (NVML/nvidia-smi),27804.0,C:\Users\satwi\.conda\envs\basic_recommender\python.exe,auto,2.6.0+cu126,12.6,True,cuda,True,available,fe0afcced72ca7aeeeb40b4eb696249e6e21f4db15863f45e59e175cfa6ada06,e79afdb9f4e87524c350b21987b3e7924fb899e9b9bbf472091d66d2d874a33e,1000,250,16.853515625,24.0,18.0830078125,24.0
10,1009,ao_per_user_cpu,250,10,0.756,1.0,25.493205308914185,58.16344030000619,26.9,10.599999999999998,72.7,1.2000000000000028,11687.21484375,187.17578125,0.0,0.0,0.0,0.0,0.0,0.0,54.0,1.0,,,,,True,nvidia-smi,,0.0,0.0,0.0,55.0,51,system-wide (NVML/nvidia-smi),28560.0,C:\Users\satwi\.conda\envs\basic_recommender\python.exe,cpu,2.6.0+cu126,12.6,True,cpu,True,available,7eb331d5a7da8840737951a834e5ea12deab95b400bb6d1ccbb8ed6e03f2d042,f863e6565740ffb8c28a0f328958dd8488117832b8d1e2607b9bce6f3ed52401,2000,500,,,,
10,1009,ao_per_user_cuda,250,10,0.708,1.0,18.963154792785645,51.264209400018444,20.5,3.8000000000000007,72.8,1.2000000000000028,11694.97265625,180.6640625,0.45454545454545453,-4.0,2.2705078125,0.341796875,93.0,14.0,52.0,-2.0,0.0,2.0,0.00634765625,2.0,True,nvidia-smi,NVIDIA GeForce RTX 3050 Ti Laptop GPU,5.0,83.93181818181819,93.0,55.0,88,system-wide (NVML/nvidia-smi),23804.0,C:\Users\satwi\.conda\envs\basic_recommender\python.exe,cuda,2.6.0+cu126,12.6,True,cuda,True,available,7eb331d5a7da8840737951a834e5ea12deab95b400bb6d1ccbb8ed6e03f2d042,f863e6565740ffb8c28a0f328958dd8488117832b8d1e2607b9bce6f3ed52401,2000,500,0.0,2.0,0.00634765625,2.0
10,1009,per_user_pytorch,250,10,0.586,0.5,13.289256572723389,45.49315729999216,21.7,-1.8000000000000007,73.9,1.9000000000000057,11885.5,305.703125,9.0375,30.0,3.1982421875,1.26953125,131.0,52.0,52.0,-1.0,16.2841796875,22.0,17.28515625,22.0,True,nvidia-smi,NVIDIA GeForce RTX 3050 Ti Laptop GPU,37.0,93.35,131.0,54.0,80,system-wide (NVML/nvidia-smi),11520.0,C:\Users\satwi\.conda\envs\basic_recommender\python.exe,auto,2.6.0+cu126,12.6,True,cuda,True,available,7eb331d5a7da8840737951a834e5ea12deab95b400bb6d1ccbb8ed6e03f2d042,f863e6565740ffb8c28a0f328958dd8488117832b8d1e2607b9bce6f3ed52401,2000,500,16.2841796875,22.0,17.28515625,22.0
10,1009,torch_collaborative,250,10,0.774,,1.657381534576416,35.483142899989616,21.6,3.700000000000003,75.0,3.4000000000000057,12050.80078125,544.75,0.6129032258064516,17.0,3.2470703125,1.318359375,133.0,54.0,52.0,-1.0,16.9541015625,24.0,18.1884765625,24.0,True,nvidia-smi,NVIDIA GeForce RTX 3050 Ti Laptop GPU,20.0,81.58064516129032,131.0,54.0,62,system-wide (NVML/nvidia-smi),2656.0,C:\Users\satwi\.conda\envs\basic_recommender\python.exe,auto,2.6.0+cu126,12.6,True,cuda,True,available,7eb331d5a7da8840737951a834e5ea12deab95b400bb6d1ccbb8ed6e03f2d042,f863e6565740ffb8c28a0f328958dd8488117832b8d1e2607b9bce6f3ed52401,2000,500,16.9541015625,24.0,18.1884765625,24.0
10,1009,ao_per_user_cpu,250,25,0.7592000000000001,0.8,31.37025022506714,64.33607600000687,26.2,5.099999999999998,73.3,1.3999999999999915,11785.4296875,233.890625,0.0,0.0,0.0,0.0,0.0,0.0,54.0,1.0,,,,,True,nvidia-smi,,0.0,0.0,0.0,54.0,58,system-wide (NVML/nvidia-smi),24216.0,C:\Users\satwi\.conda\envs\basic_recommender\python.exe,cpu,2.6.0+cu126,12.6,True,cpu,True,available,e02f811679341e69831faa972c4fb4d67051f57719bc8eaa74759518846dfb52,266e427a2d27d8743826e5f96683419c87b0af0cc7e7f0269b5075eeae0f90b0,5000,1250,,,,
10,1009,ao_per_user_cuda,250,25,0.7416,0.8,19.488630294799805,51.798935200000415,20.7,-4.600000000000001,73.2,1.0,11770.0390625,162.4765625,0.4090909090909091,-2.0,2.2705078125,0.341796875,93.0,14.0,52.0,-2.0,0.0,2.0,0.0263671875,2.0,True,nvidia-smi,NVIDIA GeForce RTX 3050 Ti Laptop GPU,3.0,83.93181818181819,93.0,55.0,88,system-wide (NVML/nvidia-smi),6304.0,C:\Users\satwi\.conda\envs\basic_recommender\python.exe,cuda,2.6.0+cu126,12.6,True,cuda,True,available,e02f811679341e69831faa972c4fb4d67051f57719bc8eaa74759518846dfb52,266e427a2d27d8743826e5f96683419c87b0af0cc7e7f0269b5075eeae0f90b0,5000,1250,0.0,2.0,0.0263671875,2.0
10,1009,per_user_pytorch,250,25,0.6032000000000001,0.6,13.835757732391357,45.94670659999247,22.4,4.5,74.4,2.0,11957.515625,323.4453125,9.65,32.0,3.1982421875,1.26953125,131.0,52.0,52.0,-1.0,16.28662109375,22.0,17.28759765625,22.0,True,nvidia-smi,NVIDIA GeForce RTX 3050 Ti Laptop GPU,42.0,93.35,131.0,54.0,80,system-wide (NVML/nvidia-smi),25044.0,C:\Users\satwi\.conda\envs\basic_recommender\python.exe,auto,2.6.0+cu126,12.6,True,cuda,True,available,e02f811679341e69831faa972c4fb4d67051f57719bc8eaa74759518846dfb52,266e427a2d27d8743826e5f96683419c87b0af0cc7e7f0269b5075eeae0f90b0,5000,1250,16.28662109375,22.0,17.28759765625,22.0
10,1009,torch_collaborative,250,25,0.8368,,3.9103832244873047,37.259182500012685,21.6,6.000000000000002,74.7,2.6000000000000085,12001.3671875,413.4140625,2.123076923076923,18.0,3.2470703125,1.318359375,133.0,54.0,52.0,-1.0,17.1904296875,24.0,18.4375,24.0,True,nvidia-smi,NVIDIA GeForce RTX 3050 Ti Laptop GPU,22.0,84.72307692307692,133.0,54.0,65,system-wide (NVML/nvidia-smi),9360.0,C:\Users\satwi\.conda\envs\basic_recommender\python.exe,auto,2.6.0+cu126,12.6,True,cuda,True,available,e02f811679341e69831faa972c4fb4d67051f57719bc8eaa74759518846dfb52,266e427a2d27d8743826e5f96683419c87b0af0cc7e7f0269b5075eeae0f90b0,5000,1250,17.1904296875,24.0,18.4375,24.0
10,1009,ao_per_user_cpu,250,100,0.7737999999999999,0.8,64.23985195159912,98.149845500011,25.6,2.5,73.2,1.2999999999999972,11763.578125,203.72265625,0.0,0.0,0.0,0.0,0.0,0.0,55.0,2.0,,,,,True,nvidia-smi,,0.0,0.0,0.0,55.0,90,system-wide (NVML/nvidia-smi),23168.0,C:\Users\satwi\.conda\envs\basic_recommender\python.exe,cpu,2.6.0+cu126,12.6,True,cpu,True,available,6b88409e40509aebdb9731bc0cc1c06776094bb868e2372d9bfacd5f32c50095,26b3a6fbc5757a25fa05a32e892af1b22fd4558abe89323f65b4cbca5b44734f,20000,5000,,,,
10,1009,ao_per_user_cuda,250,100,0.7547999999999999,0.75,20.159838914871216,53.64524720000918,20.4,2.8999999999999986,72.9,1.0,11719.3984375,166.59765625,0.4606741573033708,-4.0,2.2705078125,0.341796875,93.0,14.0,52.0,-3.0,0.0,2.0,0.37451171875,2.0,True,nvidia-smi,NVIDIA GeForce RTX 3050 Ti Laptop GPU,5.0,83.87640449438203,93.0,55.0,89,system-wide (NVML/nvidia-smi),5488.0,C:\Users\satwi\.conda\envs\basic_recommender\python.exe,cuda,2.6.0+cu126,12.6,True,cuda,True,available,6b88409e40509aebdb9731bc0cc1c06776094bb868e2372d9bfacd5f32c50095,26b3a6fbc5757a25fa05a32e892af1b22fd4558abe89323f65b4cbca5b44734f,20000,5000,0.0,2.0,0.37451171875,2.0
10,1009,per_user_pytorch,250,100,0.638,0.65,14.515248537063599,48.42515709999134,22.5,-6.600000000000001,74.2,2.1000000000000085,11934.28125,340.46875,9.51764705882353,32.0,3.1982421875,1.26953125,131.0,52.0,52.0,-2.0,16.29736328125,22.0,17.3076171875,22.0,True,nvidia-smi,NVIDIA GeForce RTX 3050 Ti Laptop GPU,40.0,93.11764705882354,131.0,54.0,85,system-wide (NVML/nvidia-smi),21232.0,C:\Users\satwi\.conda\envs\basic_recommender\python.exe,auto,2.6.0+cu126,12.6,True,cuda,True,available,6b88409e40509aebdb9731bc0cc1c06776094bb868e2372d9bfacd5f32c50095,26b3a6fbc5757a25fa05a32e892af1b22fd4558abe89323f65b4cbca5b44734f,20000,5000,16.29736328125,22.0,17.3076171875,22.0
10,1009,torch_collaborative,250,100,0.8746,,15.396524906158447,49.80655090001528,21.5,-5.5,75.4,3.5,12118.38671875,553.84375,7.511363636363637,23.0,3.2470703125,1.318359375,133.0,54.0,52.0,-2.0,17.72021484375,24.0,18.98046875,24.0,True,nvidia-smi,NVIDIA GeForce RTX 3050 Ti Laptop GPU,27.0,95.63636363636364,133.0,55.0,88,system-wide (NVML/nvidia-smi),27948.0,C:\Users\satwi\.conda\envs\basic_recommender\python.exe,auto,2.6.0+cu126,12.6,True,cuda,True,available,6b88409e40509aebdb9731bc0cc1c06776094bb868e2372d9bfacd5f32c50095,26b3a6fbc5757a25fa05a32e892af1b22fd4558abe89323f65b4cbca5b44734f,20000,5000,17.72021484375,24.0,18.98046875,24.0
10,1009,ao_per_user_cpu,250,200,0.7742,0.775,122.96095871925354,158.5590777999896,25.3,0.40000000000000213,73.8,2.0,11864.60546875,324.9296875,0.0,0.0,0.0,0.0,0.0,0.0,55.0,1.0,,,,,True,nvidia-smi,,0.0,0.0,0.0,56.0,143,system-wide (NVML/nvidia-smi),25504.0,C:\Users\satwi\.conda\envs\basic_recommender\python.exe,cpu,2.6.0+cu126,12.6,True,cpu,True,available,f60e3d0b43d63a66cfa0d1f27458569660a51a04061f0eebb6457d115c2e8f1d,4c2fe6575e416837a87302b3f107b1c7fb16660d2a0c4f361a8fb11a3bc685ec,40000,10000,,,,
10,1009,ao_per_user_cuda,250,200,0.7485,0.75,21.661553382873535,57.94394649998867,20.8,3.6999999999999993,73.2,1.1000000000000085,11775.171875,191.57421875,0.5360824742268041,-3.0,2.7587890625,0.830078125,113.0,34.0,52.0,-3.0,0.0,22.0,1.4853515625,22.0,True,nvidia-smi,NVIDIA GeForce RTX 3050 Ti Laptop GPU,5.0,90.91752577319588,113.0,56.0,97,system-wide (NVML/nvidia-smi),28368.0,C:\Users\satwi\.conda\envs\basic_recommender\python.exe,cuda,2.6.0+cu126,12.6,True,cuda,True,available,f60e3d0b43d63a66cfa0d1f27458569660a51a04061f0eebb6457d115c2e8f1d,4c2fe6575e416837a87302b3f107b1c7fb16660d2a0c4f361a8fb11a3bc685ec,40000,10000,0.0,22.0,1.4853515625,22.0
10,1009,per_user_pytorch,250,200,0.64,0.675,15.118086099624634,50.418531799979974,22.5,-4.800000000000001,74.8,2.5,12016.86328125,393.546875,10.5,36.0,3.1982421875,1.26953125,131.0,52.0,52.0,-2.0,16.31103515625,22.0,17.3388671875,22.0,True,nvidia-smi,NVIDIA GeForce RTX 3050 Ti Laptop GPU,49.0,93.81818181818181,131.0,54.0,88,system-wide (NVML/nvidia-smi),8076.0,C:\Users\satwi\.conda\envs\basic_recommender\python.exe,auto,2.6.0+cu126,12.6,True,cuda,True,available,f60e3d0b43d63a66cfa0d1f27458569660a51a04061f0eebb6457d115c2e8f1d,4c2fe6575e416837a87302b3f107b1c7fb16660d2a0c4f361a8fb11a3bc685ec,40000,10000,16.31103515625,22.0,17.3388671875,22.0
10,1009,torch_collaborative,250,200,0.8741,,31.353328704833984,66.69742919999408,24.0,7.699999999999999,75.5,3.299999999999997,12139.66796875,534.73828125,11.863247863247864,23.0,3.2470703125,1.318359375,133.0,54.0,52.0,-1.0,18.068359375,24.0,19.3466796875,24.0,True,nvidia-smi,NVIDIA GeForce RTX 3050 Ti Laptop GPU,29.0,104.41880341880342,133.0,54.0,117,system-wide (NVML/nvidia-smi),12424.0,C:\Users\satwi\.conda\envs\basic_recommender\python.exe,auto,2.6.0+cu126,12.6,True,cuda,True,available,f60e3d0b43d63a66cfa0d1f27458569660a51a04061f0eebb6457d115c2e8f1d,4c2fe6575e416837a87302b3f107b1c7fb16660d2a0c4f361a8fb11a3bc685ec,40000,10000,18.068359375,24.0,19.3466796875,24.0
